Period,Ilala,Dar es Salaam,Temeke,Arusha,Coast,Dodoma,Iringa,Kagera,Kigoma,Kilimanjaro,Lindi,Mara,Mbeya,Morogoro,Mtwara,Mwanza,Ruvuma,Shinyanga,Singida,Tabora,Tanga,Rukwa,Manyara,Kariakoo,Geita,Kahama,Katavi,Njombe,Simiyu,Songwe
Jul-97,," 6,346.3 ",, 610.7 , 19.3 , 53.3 , 71.0 , 70.3 , 22.3 , 175.5 , 12.1 , 40.6 , 148.9 , 260.4 , 26.4 , 176.8 , 41.9 , 130.3 , 12.7 , 63.9 , 332.2 , 17.2 ,,,,,,,,
Aug-97,," 6,376.3 ",, 610.2 , 17.0 , 52.0 , 101.9 , 58.5 , 27.9 , 282.4 , 25.5 , 32.1 , 108.1 , 248.1 , 26.8 , 312.5 , 38.7 , 93.9 , 6.8 , 80.7 , 159.2 , 16.0 ,,,,,,,,
Sep-97,," 14,445.6 ",, 958.9 , 29.6 , 106.3 , 224.7 , 93.6 , 41.4 , 501.5 , 30.6 , 43.1 , 166.9 , 378.8 , 46.4 , 371.9 , 75.5 , 132.2 , 16.5 , 96.5 , 520.1 , 23.7 ,,,,,,,,
Oct-97,," 11,136.1 ",, 558.4 , 19.4 , 122.5 , 153.4 , 71.3 , 36.5 , 354.3 , 16.3 , 49.0 , 140.5 , 254.5 , 53.9 , 264.3 , 74.1 , 114.0 , 12.3 , 90.1 , 231.2 , -   ,,,,,,,,
Nov-97,," 7,051.7 ",, 554.0 , 10.8 , 41.3 , 403.0 , 31.4 , 22.0 , 320.2 , 19.4 , 41.0 , 102.4 , 240.1 , 52.8 , 243.9 , 43.8 , 89.7 , 4.6 , 62.9 , 144.8 , -   ,,,,,,,,
Dec-97,," 14,766.3 ",, 970.8 , 37.6 , 82.4 , 234.8 , 74.0 , 43.8 , 542.2 , 41.8 , 60.9 , 197.6 , 410.9 , 80.5 , 415.4 , 71.3 , 150.8 , 18.8 , 98.0 , 278.6 , -   ,,,,,,,,
Jan-98,," 7,903.8 ",, 436.9 , 17.9 , 66.8 , 222.5 , 32.9 , 26.6 , 347.4 , 10.5 , 41.8 , 114.7 , 227.9 , 42.3 , 238.8 , 43.9 , 105.1 , 6.5 , 57.7 , 299.9 , 15.5 ,,,,,,,,
Feb-98,," 7,947.5 ",, 409.9 , 22.3 , 55.9 , 138.5 , 39.0 , 22.9 , 283.1 , 16.5 , 27.7 , 104.4 , 231.2 , 58.8 , 197.1 , 18.3 , 79.5 , 10.6 , 59.1 , 297.6 , 17.3 ,,,,,,,,
Mar-98,," 16,302.0 ",," 1,127.8 ", 38.4 , 93.2 , 251.7 , 119.8 , 49.1 , 356.1 , 34.8 , 56.5 , 214.2 , 443.0 , 63.3 , 444.3 , 101.7 , 123.8 , 18.4 , 108.0 , 414.9 , 28.5 ,,,,,,,,
Apr-98,," 9,949.8 ",, 675.7 , 25.4 , 100.4 , 118.7 , 82.4 , 34.6 , 250.3 , 10.7 , 57.0 , 127.6 , 229.8 , 81.0 , 235.8 , 58.3 , 95.2 , 15.6 , 74.9 , 237.2 , 21.2 ,,,,,,,,
May-98,," 9,106.0 ",, 614.5 , 34.7 , 94.3 , 111.3 , 82.0 , 45.8 , 294.6 , 19.8 , 57.1 , 121.6 , 226.6 , 64.4 , 249.4 , 55.7 , 152.6 , 23.6 , 109.6 , 263.7 , 18.8 ,,,,,,,,
Jun-98,," 14,763.1 ",, 913.9 , 29.1 , 79.1 , 91.5 , 122.5 , 40.7 , 481.1 , 28.7 , 47.9 , 156.5 , 308.1 , 56.0 , 371.8 , 43.5 , 136.7 , 20.1 , 122.3 , 290.1 , 23.2 ,,,,,,,,
Jul-98,," 8,821.9 ",, 563.0 , 20.6 , 74.3 , 193.4 , 58.1 , 30.0 , 191.7 , 8.7 , 48.0 , 122.9 , 246.7 , 62.0 , 257.3 , 49.5 , 98.0 , 14.0 , 92.0 , 238.3 , 24.1 ,,,,,,,,
Aug-98,," 7,755.9 ",, 546.6 , 24.2 , 72.2 , 178.6 , 63.8 , 28.2 , 158.0 , 18.7 , 32.4 , 128.7 , 258.5 , 41.4 , 221.3 , 47.6 , 100.9 , 14.9 , 73.3 , 201.5 , 16.4 ,,,,,,,,
Sep-98,," 13,747.4 ",, 857.8 , 32.4 , 111.6 , 273.9 , 78.9 , 51.2 , 542.2 , 36.3 , 44.7 , 215.9 , 438.8 , 62.0 , 351.1 , 74.7 , 125.2 , 20.4 , 116.8 , 318.8 , 29.6 ,,,,,,,,
Oct-98,," 12,664.9 ",, 724.6 , 31.3 , 85.1 , 468.1 , 70.2 , 36.8 , 372.0 , 23.7 , 46.7 , 147.1 , 315.0 , 64.9 , 292.0 , 58.9 , 124.9 , 15.2 , 92.1 , 275.8 , 25.6 ,,,,,,,,
Nov-98,," 9,717.7 ",, 615.2 , 25.7 , 79.0 , 162.6 , 44.8 , 29.7 , 329.5 , 20.1 , 32.0 , 130.8 , 265.9 , 66.8 , 256.0 , 50.9 , 104.2 , 13.7 , 81.3 , 203.5 , 17.6 ,,,,,,,,
Dec-98,," 15,025.8 ",, 722.4 , 41.9 , 128.9 , 489.5 , 68.9 , 54.4 , 535.7 , 37.9 , 40.7 , 254.7 , 481.0 , 130.8 , 431.7 , 56.1 , 181.4 , 18.8 , 155.4 , 350.2 , 31.5 ,,,,,,,,
Jan-99,," 10,400.4 ",, 536.0 , 26.7 , 69.7 , 116.9 , 64.2 , 40.1 , 310.9 , 10.1 , 21.2 , 142.6 , 508.5 , 69.7 , 249.9 , 46.7 , 74.8 , 7.2 , 81.9 , 254.6 , 19.7 ,,,,,,,,
Feb-99,," 8,978.0 ",, 559.3 , 22.0 , 73.3 , 113.2 , 49.6 , 35.7 , 277.2 , 8.4 , 58.8 , 129.4 , 276.3 , 63.0 , 311.2 , 42.3 , 212.0 , 12.3 , 76.0 , 299.9 , 17.1 ,,,,,,,,
Mar-99,," 16,806.6 ",, 891.7 , 42.0 , 148.6 , 232.6 , 104.0 , 60.6 , 456.7 , 54.2 , 64.6 , 232.6 , 586.7 , 218.5 , 470.1 , 76.1 , 161.0 , 22.3 , 149.9 , 394.8 , 40.6 ,,,,,,,,
Apr-99,," 10,717.4 ",, 676.1 , 27.2 , 120.5 , 89.4 , 84.5 , 51.2 , 350.8 , 22.6 , 69.0 , 141.2 , 296.7 , 75.7 , 310.5 , 53.9 , 154.5 , 19.4 , 88.2 , 247.0 , 28.7 ,,,,,,,,
May-99,," 9,207.5 ",, 586.6 , 53.6 , 96.7 , 199.1 , 105.6 , 38.4 , 333.0 , 27.6 , 88.3 , 152.6 , 262.8 , 67.2 , 326.4 , 63.2 , 154.5 , 22.6 , 109.7 , 434.8 , 24.3 ,,,,,,,,
Jun-99,," 10,717.4 ",, 676.1 , 27.2 , 120.5 , 89.4 , 84.5 , 51.2 , 350.8 , 22.6 , 69.0 , 141.2 , 296.7 , 75.7 , 310.5 , 53.9 , 154.5 , 19.4 , 88.2 , 247.0 , 28.7 ,,,,,,,,
Jul-99,," 8,741.6 ",, 491.9 , 28.6 , 78.8 , 185.6 , 69.8 , 30.8 , 206.6 , 16.9 , 87.4 , 164.6 , 309.0 , 64.9 , 370.1 , 50.4 , 128.6 , 15.6 , 117.3 , 199.8 , 20.4 ,,,,,,,,
Aug-99,," 9,984.5 ",, 557.8 , 35.4 , 95.6 , 134.0 , 59.2 , 34.9 , 320.3 , 12.0 , 120.7 , 139.1 , 292.5 , 61.1 , 328.8 , 48.4 , 124.9 , 15.9 , 81.3 , 156.1 , 20.2 ,,,,,,,,
Sep-99,," 20,919.2 ",," 1,037.2 ", 64.6 , 148.5 , 307.2 , 111.3 , 51.5 , 550.1 , 43.0 , 103.6 , 238.7 , 504.6 , 97.9 , 563.0 , 83.1 , 191.2 , 15.8 , 103.7 , 276.6 , 33.5 ,,,,,,,,
Oct-99,," 12,845.3 ",, 711.2 , 53.5 , 104.0 , 129.6 , 63.7 , 33.0 , 401.5 , 25.7 , 115.4 , 169.8 , 318.4 , 76.5 , 403.0 , 56.7 , 140.0 , 12.0 , 76.0 , 176.6 , 25.8 ,,,,,,,,
Nov-99,," 13,141.7 ",, 648.3 , 47.7 , 92.7 , 166.4 , 63.1 , 39.1 , 348.4 , 24.1 , 138.5 , 145.2 , 318.2 , 76.6 , 373.6 , 55.1 , 122.0 , 11.7 , 105.4 , 244.9 , 21.8 ,,,,,,,,
Dec-99,," 23,754.0 ",," 1,156.8 ", 61.1 , 167.5 , 344.5 , 75.2 , 39.7 , 645.3 , 58.9 , 138.2 , 275.8 , 548.4 , 146.0 , 693.7 , 67.6 , 233.9 , 19.0 , 149.0 , 268.2 , 32.9 ,,,,,,,,
Jan-00,," 12,666.5 ",, 803.4 , 41.9 , 88.2 , 190.5 , 55.0 , 38.7 , 350.5 , 26.1 , 71.0 , 171.2 , 346.3 , 69.0 , 407.2 , 38.2 , 134.2 , 7.7 , 101.8 , 185.6 , 17.6 ,,,,,,,,
Feb-00,," 12,041.2 ",, 679.9 , 43.4 , 87.0 , 150.3 , 50.3 , 36.9 , 340.6 , 24.4 , 83.8 , 139.9 , 131.0 , 78.3 , 446.7 , 40.7 , 177.0 , 14.7 , 87.6 , 221.8 , 23.2 ,,,,,,,,
Mar-00,," 21,073.4 ",," 1,331.4 ", 56.1 , 168.8 , 290.6 , 58.3 , 91.8 , 655.5 , 63.6 , 116.6 , 267.4 , 665.7 , 138.2 , 700.7 , 55.1 , 265.7 , 30.5 , 379.9 , 255.5 , 43.8 ,,,,,,,,
Apr-00,," 12,251.3 ",, 737.8 , 60.9 , 102.7 , 220.4 , 109.0 , 49.3 , 367.7 , 29.3 , 127.8 , 174.9 , 348.4 , 90.0 , 652.2 , 46.4 , 278.8 , 18.3 , 146.8 , 265.8 , 23.2 ,,,,,,,,
May-00,," 13,899.5 ",, 688.4 , 80.8 , 106.2 , 176.6 , 115.9 , 48.4 , 347.5 , 27.0 , 159.1 , 146.6 , 333.2 , 116.5 , 590.3 , 61.1 , 366.7 , 27.2 , 222.9 , 265.2 , 22.2 ,,,,,,,,
Jun-00,," 19,519.6 ",," 1,028.7 ", 53.4 , 129.0 , 288.7 , 89.9 , 65.3 , 528.6 , 57.1 , 148.4 , 244.9 , 476.1 , 107.5 , 655.2 , 74.5 , 374.9 , 23.8 , 243.4 , 368.6 , 36.7 ,,,,,,,,
Jul-00,," 8,855.1 ",, 740.5 , 56.0 , 127.4 , 133.2 , 52.1 , 43.7 , 261.5 , 25.7 , 61.5 , 137.1 , 188.3 , 79.1 , 554.1 , 26.2 , 316.8 , 19.7 , 193.7 , 184.0 , 26.2 ,,,,,,,,
Aug-00,," 13,252.1 ",, 716.7 , 54.7 , 119.9 , 149.2 , 64.5 , 51.1 , 315.8 , 81.4 , 44.6 , 161.0 , 411.9 , 80.7 , 462.5 , 27.6 , 326.3 , 15.1 , 228.1 , 212.6 , 41.8 ,,,,,,,,
Sep-00,," 19,812.9 ",," 1,221.6 ", 87.6 , 189.5 , 196.1 , 72.4 , 72.4 , 523.3 , 48.4 , 45.2 , 219.1 , 638.1 , 92.6 , 715.0 , 75.0 , 443.3 , 18.9 , 164.4 , 348.3 , 42.1 ,,,,,,,,
Oct-00,," 11,685.3 ",, 726.6 , 48.7 , 123.4 , 173.8 , 61.1 , 38.1 , 360.5 , 24.0 , 45.8 , 194.6 , 384.1 , 87.8 , 534.3 , 59.0 , 407.2 , 11.1 , 185.1 , 288.5 , 29.3 ,,,,,,,,
Nov-00,," 11,893.0 ",, 764.1 , 52.6 , 112.6 , 130.5 , 49.4 , 64.0 , 391.1 , 38.9 , 44.4 , 117.7 , 445.8 , 83.8 , 583.0 , 28.9 , 344.9 , 15.7 , 137.0 , 236.0 , 21.0 ,,,,,,,,
Dec-00,," 15,085.8 ",," 1,264.4 ", 63.3 , 152.4 , 277.6 , 83.3 , 61.3 , 327.9 , 57.0 , 63.6 , 243.3 , 494.9 , 120.8 , 798.2 , 60.9 , 489.6 , 22.7 , 265.7 , 520.4 , 32.4 ,,,,,,,,
Jan-01,," 12,870.2 ",, 936.4 , 62.2 , 128.8 , 241.3 , 74.6 , 72.2 , 385.1 , 23.2 , 35.9 , 164.0 , 423.5 , 102.4 , 674.5 , 42.5 , 413.4 , 14.3 , 296.6 , 399.0 , 33.5 ,,,,,,,,
Feb-01,," 10,585.7 ",, 782.2 , 46.0 , 110.4 , 159.1 , 61.3 , 56.0 , 329.1 , 24.4 , 17.6 , 174.4 , 373.1 , 104.0 , 834.4 , 48.6 , 282.2 , 15.2 , 234.9 , 326.0 , 20.2 ,,,,,,,,
Mar-01,," 15,955.6 ",," 1,299.1 ", 63.3 , 203.4 , 410.1 , 112.5 , 80.5 , 552.1 , 53.0 , 92.9 , 347.5 , 698.5 , 153.6 , 872.9 , 67.7 , 458.1 , 32.6 , 192.8 , 560.6 , 50.4 ,,,,,,,,
Apr-01,," 11,385.8 ",, 779.9 , 83.2 , 111.6 , 229.8 , 78.3 , 32.4 , 322.4 , 26.0 , 107.0 , 195.6 , 391.5 , 119.1 , 681.2 , 55.7 , 573.0 , 23.0 , 169.0 , 289.1 , 25.7 ,,,,,,,,
May-01,," 12,273.3 ",, 808.3 , 50.0 , 127.4 , 165.9 , 83.1 , 55.8 , 372.4 , 33.3 , 65.9 , 194.9 , 414.9 , 94.9 , 700.9 , 52.1 , 403.4 , 27.2 , 228.6 , 261.1 , 32.8 ,,,,,,,,
Jun-01,," 18,373.2 ",," 1,666.6 ", 67.2 , 192.4 , 290.3 , 87.7 , 68.0 , 668.2 , 43.6 , 76.1 , 298.5 , 462.4 , 86.0 , 965.5 , 60.4 , 479.4 , 38.1 , 202.1 , 429.8 , 50.2 ,,,,,,,,
Jul-01,," 9,539.1 ",, 736.1 , 51.6 , 123.8 , 168.7 , 67.6 , 50.4 , 284.6 , 27.8 , 48.3 , 187.7 , 363.9 , 83.2 , 763.8 , 34.0 , 365.8 , 20.5 , 237.1 , 304.1 , 23.4 ,,,,,,,,
Aug-01,," 14,536.0 ",, 833.9 , 48.2 , 115.2 , 178.4 , 67.3 , 45.5 , 360.6 , 31.2 , 70.8 , 185.3 , 346.9 , 81.4 , 694.2 , 54.6 , 776.6 , 19.4 , 140.4 , 269.8 , 20.8 ,,,,,,,,
Sep-01,," 17,610.3 ",," 1,289.6 ", 52.6 , 211.2 , 321.0 , 70.3 , 69.7 , 448.1 , 42.5 , 105.8 , 329.4 , 436.3 , 77.8 , 956.3 , 74.0 , 825.5 , 22.9 , 212.8 , 491.4 , 47.2 ,,,,,,,,
Oct-01,," 13,322.2 ",, 893.2 , 69.3 , 119.6 , 188.9 , 55.3 , 57.4 , 360.7 , 24.1 , 60.9 , 196.0 , 380.4 , 65.2 , 604.6 , 36.2 , 960.1 , 10.9 , 175.9 , 294.3 , 24.1 ,,,,,,,,
Nov-01,," 7,755.4 ",, 757.8 , 40.1 , 111.8 , 193.6 , 40.8 , 78.4 , 311.6 , 32.6 , 72.4 , 193.3 , 359.2 , 85.1 , 634.8 , 38.8 , 823.2 , 14.8 , 174.0 , 288.7 , 20.0 ,,,,,,,,
Dec-01,," 8,752.6 ",," 1,458.0 ", 132.0 , 204.3 , 418.4 , 79.2 , 66.3 , 520.2 , 53.4 , 81.3 , 331.9 , 635.2 , 194.2 ," 1,201.4 ", 65.5 ," 1,042.0 ", 24.0 , 234.4 , 551.8 , 43.6 ,,,,,,,,
Jan-02,," 7,403.7 ",, 811.8 , 31.7 , 119.2 , 202.1 , 31.5 , 61.1 , 409.0 , 15.5 , 148.3 , 187.7 , 418.0 , 82.2 , 783.3 , 35.9 , 566.0 , 12.3 , 186.4 , 275.5 , 13.8 ,,,,,,,,
Feb-02,," 6,994.5 ",, 807.0 , 62.0 , 122.2 , 184.1 , 38.7 , 60.5 , 372.6 , 19.4 , 69.7 , 192.4 , 365.4 , 63.7 ," 1,032.9 ", 30.9 , 879.8 , 15.8 , 174.2 , 273.7 , 12.9 ,,,,,,,,
Mar-02,," 9,093.8 ",," 1,531.5 ", 84.0 , 204.5 , 378.3 , 115.3 , 69.0 , 635.3 , 43.9 , 170.6 , 313.2 , 689.3 , 100.1 , 922.6 , 75.9 , 914.0 , 33.2 , 254.6 , 596.7 , 56.1 ,,,,,,,,
Apr-02,," 7,380.6 ",, 930.9 , 60.5 , 119.3 , 187.4 , 57.8 , 52.0 , 330.1 , 23.9 , 98.8 , 223.1 , 416.1 , 62.0 , 612.3 , 40.0 , 574.1 , 18.4 , 199.0 , 290.0 , 24.7 ,,,,,,,,
May-02,," 7,850.8 ",," 1,062.6 ", 59.6 , 127.7 , 154.0 , 68.3 , 68.6 , 294.4 , 54.3 , 185.1 , 213.9 , 396.0 , 51.6 , 908.1 , 37.7 ," 1,204.2 ", 18.9 , 246.3 , 337.4 , 17.7 ,,,,,,,,
Jun-02,," 10,010.1 ",," 1,753.4 ", 141.7 , 197.1 , 298.2 , 90.0 , 90.0 , 527.4 , 69.5 , 119.6 , 392.7 , 598.3 , 126.1 ," 1,029.3 ", 71.3 , 656.0 , 36.2 , 313.4 , 488.4 , 68.5 ,,,,,,,,
Jul-02,," 8,268.1 ",, 928.0 , 66.5 , 91.7 , 256.9 , 74.1 , 47.4 , 332.8 , 31.0 , 142.2 , 205.7 , 375.7 , 81.7 , 937.8 , 49.6 , 616.2 , 21.4 , 250.1 , 327.6 , 24.6 ,,,,,,,,
Aug-02,," 8,449.3 ",, 960.4 , 80.8 , 137.6 , 171.5 , 68.4 , 46.6 , 276.1 , 14.4 , 115.5 , 211.5 , 338.4 , 58.4 , 899.6 , 30.8 , 678.7 , 17.9 , 148.8 , 321.7 , 14.6 ,,,,,,,,
Sep-02,," 10,173.6 ",," 1,801.4 ", 69.6 , 248.2 , 422.5 , 139.8 , 52.6 , 806.5 , 27.6 , 197.0 , 413.6 , 703.0 , 135.7 ," 1,042.2 ", 80.0 , 877.2 , 26.4 , 342.4 , 655.1 , 47.9 ,,,,,,,,
Oct-02,," 8,632.4 ",, 923.3 , 33.6 , 136.8 , 196.0 , 67.0 , 52.9 , 385.1 , 13.1 , 275.9 , 249.8 , 441.8 , 71.1 ," 1,753.3 ", 33.0 , 577.5 , 14.9 , 226.4 , 443.0 , 23.6 ,,,,,,,,
Nov-02,," 8,475.5 ",, 950.6 , 48.2 , 129.4 , 343.1 , 64.1 , 37.5 , 437.6 , 25.0 , 152.3 , 215.8 , 386.2 , 142.5 , 904.1 , 37.2 , 476.5 , 15.7 , 212.9 , 508.7 , 20.0 ,,,,,,,,
Dec-02,," 11,231.1 ",," 1,764.6 ", 61.5 , 218.7 , 434.4 , 94.6 , 104.4 , 547.7 , 46.9 , 290.3 , 417.4 , 709.3 , 260.3 ," 1,406.7 ", 77.8 , 916.0 , 33.6 , 268.9 ," 1,070.1 ", 50.7 ,,,,,,,,
Jan-03,," 9,106.1 ",, 986.7 , 56.9 , 137.2 , 228.3 , 61.3 , 74.2 , 335.5 , 10.1 , 195.1 , 210.7 , 457.5 , 88.3 , 988.6 , 37.1 , 538.3 , 17.0 , 166.1 , 396.1 , 17.8 ,,,,,,,,
Feb-03,," 8,988.5 ",," 1,025.4 ", 63.0 , 126.2 , 201.2 , 68.4 , 45.0 , 428.5 , 13.0 , 211.5 , 202.6 , 407.9 , 57.3 , 885.6 , 40.0 , 468.2 , 17.4 , 222.2 , 523.9 , 21.6 ,,,,,,,,
Mar-03,," 10,998.5 ",," 1,791.7 ", 146.4 , 273.7 , 419.3 , 119.1 , 79.6 , 719.1 , 32.9 , 222.6 , 382.3 , 829.4 , 163.4 ," 1,415.2 ", 91.1 , 821.4 , 35.5 , 376.2 , 984.1 , 55.6 ,,,,,,,,
Apr-03,," 9,150.3 ",," 1,010.9 ", 65.7 , 138.8 , 247.6 , 83.6 , 55.9 , 562.3 , 18.1 , 494.9 , 260.5 , 629.8 , 95.6 , 894.6 , 60.9 , 615.9 , 24.9 , 174.5 , 525.0 , 30.5 ,,,,,,,,
May-03,," 8,959.6 ",," 1,056.9 ", 73.1 , 146.8 , 186.8 , 64.9 , 54.3 , 420.6 , 33.5 , 218.0 , 262.1 , 533.7 , 64.6 , 917.3 , 48.7 , 507.3 , 22.4 , 220.3 , 471.8 , 27.1 ,,,,,,,,
Jun-03,," 11,973.6 ",," 1,932.5 ", 120.7 , 256.5 , 355.7 , 122.1 , 84.3 , 781.4 , 39.6 , 230.9 , 361.1 , 904.7 , 125.8 ," 1,371.9 ", 78.1 , 864.8 , 50.1 , 328.7 , 719.7 , 69.0 ,,,,,,,,
Jul-03,," 9,703.3 ",," 1,063.3 ", 76.0 , 113.2 , 288.4 , 77.2 , 43.6 , 526.4 , 16.3 , 341.6 , 217.7 , 773.8 , 102.8 ," 1,071.3 ", 55.9 , 436.7 , 28.3 , 232.5 , 459.8 , 26.2 ,,,,,,,,
Aug-03,," 10,153.7 ",," 1,129.3 ", 62.6 , 138.4 , 163.6 , 95.8 , 49.5 , 476.2 , 16.0 , 402.2 , 173.1 , 689.4 , 61.1 ," 1,076.8 ", 43.5 , 679.3 , 20.2 , 233.7 , 606.7 , 25.5 ,,,,,,,,
Sep-03,," 13,437.9 ",," 1,896.6 ", 69.7 , 362.9 , 363.8 , 118.0 , 88.8 , 941.7 , 38.3 , 360.9 , 441.9 ," 1,008.8 ", 147.9 ," 1,330.6 ", 79.9 , 585.9 , 36.7 , 400.9 , 970.6 , 66.2 ,,,,,,,,
Oct-03,," 11,031.6 ",," 1,134.2 ", 82.9 , 156.0 , 188.2 , 74.1 , 58.2 , 352.6 , 16.7 , 387.3 , 281.5 , 609.3 , 80.7 ," 1,118.7 ", 55.7 , 583.9 , 20.4 , 277.8 , 472.9 , 32.7 ,,,,,,,,
Nov-03,," 10,237.5 ",," 1,107.1 ", 59.4 , 125.1 , 199.2 , 84.3 , 25.7 , 432.6 , 15.7 , 307.1 , 237.1 , 517.4 , 103.3 ," 1,117.0 ", 44.1 , 617.0 , 20.9 , 238.7 , 563.5 , 17.8 ,,,,,,,,
Dec-03,," 14,448.2 ",," 2,217.2 ", 118.1 , 308.4 , 518.0 , 131.8 , 84.3 , 914.7 , 43.0 , 380.1 , 672.4 ," 1,008.3 ", 345.1 ," 1,453.9 ", 93.9 , 758.2 , 40.8 , 412.0 ," 1,294.2 ", 66.8 ,,,,,,,,
Jan-04,," 12,174.4 ",," 1,198.8 ", 75.3 , 174.5 , 331.9 , 88.9 , 53.8 , 416.5 , 22.9 , 761.9 , 331.3 , 598.5 , 118.2 ," 1,177.8 ", 37.8 , 734.4 , 21.9 , 665.0 , 782.8 , 21.5 ,,,,,,,,
Feb-04,," 11,983.1 ",," 1,147.7 ", 62.5 , 163.5 , 237.6 , 85.6 , 53.1 , 448.2 , 20.1 , 551.6 , 296.7 , 627.2 , 73.2 ," 1,071.6 ", 67.4 , 596.9 , 19.3 , 245.3 , 729.8 , 26.8 ,,,,,,,,
Mar-04,," 14,882.2 ",," 2,258.0 ", 107.8 , 319.0 , 561.6 , 165.4 , 80.7 , 828.5 , 51.2 , 543.6 , 544.6 ," 1,114.6 ", 196.7 ," 1,552.5 ", 109.3 , 352.4 , 42.9 , 483.3 ," 1,263.0 ", 80.8 ,,,,,,,,
Apr-04,," 12,390.1 ",," 1,292.0 ", 50.4 , 174.8 , 235.0 , 84.1 , 68.4 , 481.7 , 27.2 , 467.1 , 328.2 , 675.2 , 95.0 ," 1,097.2 ", 56.1 , 821.2 , 22.8 , 258.6 , 563.0 , 24.3 ,,,,,,,,
May-04,," 12,534.2 ",," 1,272.4 ", 68.3 , 172.1 , 199.3 , 97.6 , 47.9 , 431.7 , 25.7 , 503.6 , 285.8 , 578.6 , 80.0 ," 1,054.5 ", 45.4 , 600.0 , 24.1 , 192.1 , 487.9 , 35.8 ,,,,,,,,
Jun-04,," 14,822.9 ",," 2,307.7 ", 116.2 , 281.8 , 563.7 , 164.2 , 63.4 , 484.2 , 54.8 , 584.9 , 737.7 , 977.3 , 221.9 ," 1,808.7 ", 149.3 , 770.6 , 37.8 , 428.1 ," 1,043.9 ", 75.5 ,,,,,,,,
Jul-04,," 7,847.0 ",," 1,820.4 ", 75.0 , 193.0 , 289.4 , 137.0 , 58.7 , 571.2 , 21.3 , 718.1 , 298.6 , 579.4 , 76.8 ," 1,055.6 ", 46.1 , 930.1 , 39.9 , 298.4 , 512.2 , 25.1 ,,,,,,,,
Aug-04,," 7,926.6 ",," 1,640.3 ", 70.4 , 179.1 , 200.6 , 169.7 , 51.6 , 527.4 , 26.6 , 560.6 , 380.1 , 834.2 , 83.8 ," 1,306.3 ", 60.2 ," 1,587.3 ", 35.6 , 326.1 , 559.6 , 44.5 ,,,,,,,,
Sep-04,," 10,777.8 ",," 2,758.5 ", 99.4 , 330.6 , 483.0 , 203.2 , 90.7 , 923.2 , 44.7 , 605.5 , 579.3 ," 1,172.3 ", 193.3 ," 1,891.8 ", 121.3 ," 1,298.3 ", 51.2 , 400.9 ," 1,200.3 ", 105.2 ,,,,,,,,
Oct-04,," 8,491.4 ",," 1,630.1 ", 96.5 , 219.4 , 182.7 , 468.1 , 56.6 , 402.8 , 27.2 , 563.7 , 471.7 , 766.4 , 105.3 ," 1,363.5 ", 65.7 ," 1,320.9 ", 26.9 , 311.4 , 566.6 , 51.2 ,,,,,,,,
Nov-04,," 8,550.3 ",," 1,597.1 ", 108.7 , 214.9 , 181.4 , 230.6 , 86.0 , 494.1 , 33.2 , 697.4 , 464.5 , 668.3 , 181.5 ," 1,344.9 ", 72.8 ," 1,330.6 ", 37.2 , 239.7 , 658.2 , 28.9 ,,,,,,,,
Dec-04,," 11,958.9 ",," 2,849.6 ", 114.8 , 364.8 , 473.4 , 393.5 , 114.9 ," 1,086.4 ", 54.2 , 681.7 ," 1,072.1 "," 1,438.1 ", 297.9 ," 1,911.3 ", 146.7 ," 1,802.0 ", 63.7 , 382.9 ," 1,259.6 ", 110.3 ,,,,,,,,
Jan-05,," 8,967.8 ",," 1,324.9 ", 75.1 , 166.2 , 194.6 , 284.2 , 49.3 , 583.7 , 24.3 , 423.3 , 515.2 ," 1,006.6 ", 110.5 ," 1,389.9 ", 62.5 ," 1,471.9 ", 31.7 , 425.4 , 625.4 , 35.2 ,,,,,,,,
Feb-05,," 8,476.6 ",," 1,441.7 ", 92.0 , 139.5 , 199.1 , 154.4 , 77.2 , 575.4 , 14.6 , 664.3 , 451.0 , 745.2 , 82.7 ," 1,295.4 ", 47.0 ," 1,297.1 ", 36.0 , 271.6 , 564.8 , 40.7 ,,,,,,,,
Mar-05,," 11,305.2 ",," 2,684.4 ", 168.2 , 437.9 , 592.7 , 349.1 , 192.0 , 996.8 , 60.2 , 662.6 ," 1,509.7 "," 1,246.4 ", 225.8 ," 1,994.2 ", 155.1 ," 1,285.7 ", 63.5 , 513.6 ," 1,265.7 ", 101.3 ,,,,,,,,
Apr-05,," 8,603.7 ",," 1,461.8 ", 114.5 , 192.4 , 281.5 , 571.9 , 81.7 , 560.6 , 21.4 , 814.3 , 498.6 , 790.5 , 90.8 ," 1,381.4 ", 58.9 ," 1,370.0 ", 38.3 , 280.8 , 573.1 , 38.2 ,,,,,,,,
May-05,," 9,477.6 ",," 1,560.8 ", 90.3 , 269.2 , 278.6 , 199.2 , 117.0 , 554.7 , 27.5 , 660.9 , 435.0 , 600.5 , 90.7 ," 1,335.0 ", 66.2 ," 1,202.0 ", 31.9 , 313.4 , 511.9 , 54.3 ,,,,,,,,
Jun-05,," 13,892.7 ",," 2,778.8 ", 148.1 , 385.4 , 573.8 , 461.8 , 151.2 , 947.6 , 58.6 , 644.6 , 867.0 ," 1,034.2 ", 285.4 ," 2,099.1 ", 141.2 ," 2,008.9 ", 80.5 , 578.2 ," 1,211.5 ", 117.1 ,,,,,,,,
Jul-05," 9,063.0 ", -   , -   ," 3,311.9 ", 108.5 , 342.4 , 501.7 , 272.2 , 90.2 ," 1,066.5 ", 58.3 , 322.0 ," 1,146.6 "," 1,582.6 ", 154.9 ," 2,337.8 ", 88.2 , 185.4 , 55.1 , 426.6 ," 1,236.4 ", 74.5 , 57.2 ,,,,,,,
Aug-05," 12,557.0 ", -   , -   ," 3,944.6 ", 173.8 , 349.3 , 498.5 , 306.2 , 136.6 ," 1,460.4 ", 50.5 , 365.0 ," 1,234.8 "," 2,195.0 ", 185.7 ," 1,955.3 ", 81.0 , 348.0 , 46.8 , 228.7 ," 1,218.3 ", 71.6 , 83.8 ,,,,,,,
Sep-05," 11,392.1 ", -   , -   ," 3,170.5 ", 166.3 , 407.5 , 514.8 , 215.6 , 135.2 , 968.2 , 52.5 , 329.3 , 865.6 , 978.5 , 358.3 ," 1,336.0 ", 145.6 , 198.5 , 57.7 , 205.8 , 787.6 , 122.1 , 51.8 ,,,,,,,
Oct-05," 5,837.3 "," 1,250.5 ", 854.4 ," 1,903.7 ", 89.5 , 217.4 , 232.0 , 95.4 , 79.4 , 531.4 , 23.7 , 266.5 , 441.2 , 924.1 , 93.1 , 787.6 , 60.6 , 147.0 , 24.8 , 106.5 , 528.3 , 53.7 , 31.0 ,,,,,,,
Nov-05," 4,734.7 "," 1,195.0 "," 1,077.8 "," 1,916.5 ", 99.8 , 174.8 , 219.6 , 126.1 , 93.9 , 556.0 , 16.2 , 162.1 , 268.8 , 828.1 , 159.7 , 787.1 , 73.2 , 187.7 , 26.5 , 109.1 , 809.1 , 44.8 , 26.2 ,,,,,,,
Dec-05," 10,252.1 "," 2,323.9 "," 1,509.2 "," 2,938.0 ", 125.4 , 293.6 , 404.5 , 125.3 , 146.1 , 914.8 , 67.7 , 372.4 ," 1,003.4 "," 1,416.9 ", 331.6 ," 1,356.8 ", 140.8 , 223.1 , 57.2 , 225.6 , 720.2 , 113.5 , 70.6 ,,,,,,,
Jan-06," 5,908.8 "," 1,425.3 "," 1,254.4 "," 2,138.9 ", 104.6 , 294.2 , 323.8 , 195.6 , 67.9 , 593.7 , 26.8 , 269.9 , 417.6 , 796.7 , 217.6 , 808.3 , 69.1 , 176.5 , 35.0 , 92.8 , 611.7 , 46.1 , 49.4 ,,,,,,,
Feb-06," 6,014.0 "," 1,505.6 "," 1,102.9 "," 1,951.5 ", 116.4 , 347.9 , 327.8 , 157.5 , 86.3 , 582.2 , 26.2 , 215.2 , 297.4 , 849.2 , 110.2 , 810.8 , 72.7 , 163.3 , 33.5 , 87.9 , 704.0 , 31.9 , 39.3 ,,,,,,,
Mar-06," 8,531.7 "," 2,118.5 "," 1,474.9 "," 3,217.1 ", 198.0 , 432.6 , 743.1 , 253.4 , 228.7 ," 1,101.0 ", 71.5 , 323.7 ," 1,017.1 "," 2,380.6 ", 260.7 ," 1,520.6 ", 187.3 , 331.0 , 64.9 , 271.4 ," 1,581.4 ", 152.3 , 57.5 ,,,,,,,
Apr-06," 5,153.0 "," 2,418.2 "," 1,027.5 "," 2,327.5 ", 97.3 , 248.9 , 291.2 , 136.3 , 73.2 , 545.6 , 20.6 , 252.8 , 346.5 , 919.7 , 75.1 , 740.4 , 104.3 , 165.1 , 31.4 , 116.7 , 729.5 , 51.8 , 32.0 ,,,,,,,
May-06," 5,885.1 "," 1,495.7 ", 840.9 ," 2,292.4 ", 125.1 , 261.0 , 274.9 , 200.6 , 115.3 , 573.3 , 20.9 ," 1,316.4 ", 475.3 ," 1,074.6 ", 120.4 , 899.1 , 100.1 , 168.7 , 26.8 , 129.0 , 537.8 , 63.5 , 62.0 ,,,,,,,
Jun-06," 10,286.2 "," 2,338.5 "," 2,343.1 "," 3,453.1 ", 213.1 , 486.6 , 710.6 , 289.1 , 174.7 ," 1,391.5 ", 74.3 , 404.4 ," 1,106.6 "," 2,158.3 ", 301.6 ," 1,596.4 ", 205.8 , 268.5 , 79.2 , 268.6 ," 1,540.2 ", 155.1 , 69.4 ,,,,,,,
Jul-06," 5,525.2 "," 1,614.9 "," 1,020.1 "," 1,566.9 ", 94.5 , 255.7 , 361.9 , 187.7 , 82.1 , 862.2 , 45.4 , 344.6 , 218.4 , 829.7 , 93.0 , 859.0 , 88.8 , 266.8 , 35.9 , 103.8 , 396.1 , 56.9 , 39.6 ,,,,,,,
Aug-06," 6,949.1 "," 1,587.9 "," 1,408.1 "," 2,060.3 ", 145.9 , 415.3 , 206.4 , 161.2 , 119.1 , 541.4 , 30.2 , 256.6 , 176.8 , 510.6 , 101.1 , 897.7 , 75.9 , 135.5 , 29.0 ," 1,940.1 ", 236.6 , 42.7 , 69.5 ,,,,,,,
Sep-06," 9,276.8 "," 2,511.4 "," 2,074.2 "," 3,451.2 ", 205.3 , 356.3 , 336.7 , 203.7 , 161.4 , 977.9 , 59.4 , 393.4 , 498.6 , 620.0 , 129.8 ," 1,320.4 ", 157.3 , 214.7 , 64.6 , 278.7 , 524.0 , 163.5 , 88.9 ,,,,,,,
Oct-06," 6,480.1 "," 1,546.6 "," 1,192.7 "," 2,117.3 ", 181.6 , 373.5 , 272.3 , 139.2 , 104.6 , 770.6 , 25.0 , 545.8 , 230.0 , 538.8 , 119.4 , 887.9 , 84.6 , 135.5 , 36.0 , 97.7 , 285.1 , 51.7 , 52.1 ,,,,,,,
Nov-06," 6,515.0 "," 1,679.5 "," 1,080.2 "," 2,036.5 ", 206.0 , 350.4 , 180.2 , 110.8 , 70.8 , 609.1 , 42.5 , 262.8 , 118.9 , 648.0 , 116.9 , 838.8 , 86.8 , 168.9 , 34.0 , 108.2 , 232.7 , 33.1 , 41.9 ,,,,,,,
Dec-06," 12,728.7 "," 3,090.4 "," 1,896.4 "," 4,156.2 ", 225.7 , 556.9 , 488.3 , 195.5 , 165.1 , 965.1 , 75.4 , 500.5 , 547.2 ," 1,091.7 ", 268.2 ," 1,628.5 ", 155.5 , 255.1 , 84.2 , 271.5 , 405.9 , 137.6 , 118.5 ,,,,,,,
Jan-07," 6,995.0 "," 1,752.4 "," 1,023.1 "," 2,309.2 ", 151.9 , 282.7 , 214.1 , 131.8 , 82.7 , 585.1 , 41.6 , 216.1 , 288.7 , 752.4 , 188.5 , 914.4 , 94.6 , 169.9 , 52.7 , 130.2 , 249.7 , 46.9 , 78.1 ,,,,,,,
Feb-07," 6,612.6 "," 2,358.5 "," 1,004.5 "," 2,309.9 ", 190.1 , 356.2 , 281.0 , 177.5 , 119.0 , 793.4 , 37.6 , 257.7 , 221.1 , 598.9 , 186.7 ," 1,022.1 ", 82.4 , 205.8 , 38.6 , 153.0 , 329.7 , 45.5 , 45.4 ,,,,,,,
Mar-07," 11,297.8 "," 2,976.8 "," 1,697.7 "," 4,056.6 ", 321.6 , 523.4 , 788.3 , 323.8 , 210.7 ," 1,323.2 ", 94.7 , 465.0 , 528.7 ," 1,357.2 ", 191.0 ," 1,796.0 ", 209.9 , 381.6 , 97.8 , 332.7 , 566.3 , 189.3 , 120.7 ,,,,,,,
Apr-07," 6,674.0 "," 4,059.5 "," 1,156.3 "," 2,369.1 ", 178.9 , 314.8 , 447.2 , 195.5 , 128.8 , 774.3 , 38.4 , 313.9 , 242.3 , 818.9 , 216.3 ," 1,224.2 ", 71.3 , 173.6 , 42.7 , 148.1 , 325.8 , 62.1 , 62.1 ,,,,,,,
May-07," 6,976.1 "," 2,205.3 "," 1,346.8 "," 2,522.0 ", 178.2 , 377.4 , 315.1 , 224.0 , 81.0 , 817.7 , 34.6 , 368.2 , 245.9 , 696.2 , 148.7 ," 1,097.5 ", 146.5 , 257.9 , 56.7 , 186.5 , 272.4 , 68.8 , 62.4 ,,,,,,,
Jun-07," 11,887.4 "," 3,700.7 "," 1,990.5 "," 3,409.7 ", 356.1 , 477.9 , 633.3 , 278.9 , 205.5 ," 1,365.4 ", 75.3 , 433.1 , 794.2 , 974.5 , 190.2 ," 1,612.6 ", 165.0 , 312.6 , 97.0 , 204.6 , 668.3 , 149.7 , 86.1 ,,,,,,,
Jul-07," 7,472.4 "," 1,843.6 "," 1,436.3 "," 2,710.4 ", 161.7 , 352.4 , 326.0 , 233.1 , 107.7 , 653.5 , 49.6 , 356.0 , 290.9 , 736.2 , 238.3 ," 1,260.6 ", 131.5 , 220.9 , 56.6 , 196.2 , 476.1 , 64.9 , 84.1 ,,,,,,,
Aug-07," 8,774.5 "," 3,076.0 "," 1,298.2 "," 3,298.0 ", 181.1 , 292.7 , 452.5 , 193.3 , 125.7 , 870.6 , 30.6 , 335.3 , 303.0 , 664.3 , 227.7 ," 1,712.5 ", 129.7 , 234.6 , 73.9 , 161.5 , 442.8 , 42.3 , 113.3 ,,,,,,,
Sep-07," 13,548.4 "," 3,585.5 "," 1,519.1 "," 4,580.9 ", 308.3 , 569.0 , 612.3 , 283.5 , 178.4 ," 1,391.7 ", 72.4 , 443.9 , 659.8 ," 1,016.5 ", 190.8 ," 1,909.0 ", 216.0 , 276.0 , 82.1 , 269.8 , 791.7 , 176.7 , 105.8 ,,,,,,,
Oct-07," 8,893.0 "," 2,487.8 "," 1,744.1 "," 3,453.6 ", 225.2 , 387.8 , 341.8 , 273.3 , 114.5 , 773.0 , 84.5 , 300.7 , 368.0 , 732.7 , 188.9 ," 1,567.9 ", 106.0 , 236.4 , 55.9 , 162.4 , 348.2 , 80.5 , 85.5 ,,,,,,,
Nov-07," 9,463.1 "," 2,540.3 "," 1,387.6 "," 3,135.8 ", 200.9 , 559.1 , 323.7 , 209.7 , 93.1 , 548.0 , 49.4 , 295.3 , 200.1 , 890.3 , 204.3 ," 1,517.6 ", 94.5 , 227.1 , 52.8 , 135.5 , 372.5 , 58.9 , 67.4 ,,,,,,,
Dec-07," 15,697.1 "," 4,326.9 "," 2,529.0 "," 5,477.5 ", 331.6 , 562.4 , 840.9 , 299.1 , 200.5 ," 1,500.8 ", 141.5 , 446.9 , 758.5 ," 1,139.1 ", 809.6 ," 2,384.3 ", 179.6 , 291.5 , 91.0 , 258.7 , 672.3 , 194.0 , 162.9 ,,,,,,,
Jan-08," 9,113.8 "," 2,842.0 "," 1,957.1 "," 2,648.5 ", 243.7 , 263.9 , 414.0 , 220.9 , 129.3 , 810.9 , 58.7 , 247.5 , 314.4 ," 1,065.7 ", 347.4 ," 1,281.8 ", 117.5 , 227.2 , 51.6 , 125.9 , 449.4 , 60.2 , 77.8 ,,,,,,,
Feb-08," 10,920.8 "," 3,659.9 "," 1,332.7 "," 3,750.7 ", 237.9 , 432.5 , 474.2 , 208.2 , 78.7 ," 1,119.9 ", 65.7 , 282.0 , 323.2 ," 1,034.3 "," 1,283.6 "," 1,338.9 ", 119.6 , 317.2 , 53.4 , 171.0 , 398.1 , 51.5 , 79.9 ,,,,,,,
Mar-08," 13,596.3 "," 5,236.4 "," 2,251.9 "," 5,206.7 ", 354.6 , 765.8 , 790.0 , 421.7 , 264.3 ," 1,459.8 ", 180.5 , 528.3 , 702.6 ," 1,215.2 ", 278.6 ," 2,216.5 ", 280.9 , 411.9 , 111.7 , 259.3 , 832.9 , 178.4 , 148.2 ,,,,,,,
Apr-08," 8,914.2 "," 3,210.5 "," 1,644.6 "," 3,375.3 ", 217.5 , 524.1 , 391.8 , 243.2 , 135.8 , 802.7 , 48.9 , 359.5 , 405.0 , 984.3 , 521.5 ," 1,471.5 ", 101.9 , 257.3 , 67.8 , 143.6 , 491.6 , 91.7 , 87.4 ,,,,,,,
May-08," 10,691.1 "," 3,540.9 "," 1,731.2 "," 4,313.8 ", 205.9 , 479.1 , 404.2 , 268.5 , 148.9 ," 1,044.6 ", 85.0 , 306.0 , 303.1 , 983.9 , 424.2 ," 1,751.4 ", 131.3 , 277.4 , 61.0 , 194.9 , 396.6 , 78.4 , 206.1 ,,,,,,,
Jun-08," 14,311.9 "," 5,028.3 "," 2,464.5 "," 4,336.5 ", 205.1 , 660.4 , 836.7 , 374.2 , 245.7 ," 1,575.4 ", 87.7 , 552.7 , 997.3 ," 1,222.8 ", 388.7 ," 2,323.4 ", 225.8 , 368.4 , 112.0 , 260.8 , 825.3 , 194.6 , 107.9 ,,,,,,,
Jul-08," 11,504.5 "," 4,296.9 "," 1,941.8 "," 3,645.7 ", 309.7 , 438.4 , 389.4 , 209.3 , 118.1 , 967.0 , 72.7 , 317.5 , 483.7 , 891.1 , 463.6 ," 1,778.0 ", 184.4 , 305.6 , 69.1 , 202.9 , 487.0 , 79.7 , 110.4 ,,,,,,,
Aug-08," 10,583.4 "," 4,266.3 "," 2,186.2 "," 4,308.5 ", 130.9 , 387.6 , 541.4 , 241.7 , 154.5 , 740.3 , 75.3 , 412.5 , 373.3 , 565.9 , 496.7 ," 2,134.4 ", 204.0 , 377.2 , 56.4 , 163.5 , 475.0 , 85.1 , 121.5 ,,,,,,,
Sep-08," 14,025.1 "," 6,558.3 "," 3,199.2 "," 6,102.6 ", 737.3 , 830.7 , 628.1 , 316.5 , 294.9 ," 1,866.7 ", 88.8 , 388.3 ," 1,002.5 "," 1,585.6 ", 343.3 ," 2,768.9 ", 231.6 , 358.0 , 107.6 , 290.5 , 856.3 , 268.4 , 145.5 ,,,,,,,
Oct-08," 15,187.5 "," 4,240.4 "," 3,628.5 "," 2,952.6 ", 259.8 , 838.4 , 428.3 , 178.9 , 202.0 , 898.3 , 170.9 , 384.2 , 343.0 ," 1,425.4 ", 154.4 ," 2,101.7 ", 189.9 , 344.8 , 51.7 , 197.8 , 428.3 , 104.2 , 112.2 ,,,,,,,
Nov-08," 14,055.1 "," 4,631.1 "," 2,591.8 "," 2,731.9 ", 193.6 , 580.3 , 375.7 , 182.1 , 115.3 , 498.8 , 163.5 , 133.3 , 432.7 ," 1,396.2 ", 174.1 ," 2,026.9 ", 157.4 , 308.5 , 69.4 , 187.4 , 548.1 , 119.1 , 85.3 ,,,,,,,
Dec-08," 25,029.1 "," 9,639.6 "," 2,837.0 "," 5,697.6 ", 395.8 , 952.5 , 707.8 , 302.0 , 266.7 ," 1,915.5 ", 93.9 , 419.6 ," 1,162.5 "," 1,807.4 "," 1,331.9 "," 3,275.2 ", 272.1 , 418.8 , 97.4 , 272.6 , 814.1 , 205.3 , 120.3 ,,,,,,,
Jan-09," 12,180.9 "," 8,080.9 "," 2,325.4 "," 3,657.6 ", 277.2 , 610.6 , 412.2 , 183.8 , 106.2 ," 1,072.8 ", 81.5 , 362.6 , 534.0 ," 1,066.1 ", 335.2 ," 1,392.1 ", 147.0 , 428.7 , 50.9 , 208.6 , 580.6 , 61.4 , 71.0 ,,,,,,,
Feb-09," 12,677.1 "," 3,945.3 "," 1,820.2 "," 3,114.3 ", 273.5 , 725.4 , 524.0 , 259.0 , 132.8 ," 1,044.9 ", 83.5 , 280.3 , 404.5 ," 1,051.9 ", 451.8 ," 1,490.8 ", 181.8 , 390.1 , 48.4 , 198.5 , 417.8 , 48.0 , 111.9 ,,,,,,,
Mar-09," 21,826.1 "," 6,772.2 "," 3,284.5 "," 4,823.7 ", 507.0 ," 1,041.1 ", 928.1 , 476.0 , 294.5 ," 1,640.4 ", 150.6 , 598.3 , 872.6 ," 1,472.4 "," 1,065.5 "," 2,867.0 ", 308.6 , 591.5 , 142.1 , 393.7 , 919.1 , 277.5 , 152.0 ,,,,,,,
Apr-09," 11,850.6 "," 5,464.5 "," 1,862.6 "," 2,957.1 ", 286.2 , 620.2 , 443.9 , 215.8 , 129.2 , 991.5 , 149.1 , 282.4 , 598.2 ," 1,026.7 ", 535.6 ," 1,716.3 ", 130.7 , 409.3 , 58.0 , 171.4 , 447.5 , 100.8 , 163.8 ,,,,,,,
May-09," 13,470.8 "," 9,387.0 "," 1,833.5 "," 3,210.2 ", 285.9 , 678.0 , 556.0 , 212.0 , 144.4 , 889.3 , 49.5 , 257.2 , 449.2 ," 1,137.5 ", 270.5 ," 1,694.7 ", 84.5 , 342.1 , 46.4 , 244.2 , 432.1 , 90.1 , 132.3 ,,,,,,,
Jun-09," 19,437.7 "," 10,283.5 "," 3,171.9 "," 5,362.6 ", 444.7 , 874.5 , 835.1 , 381.6 , 272.3 ," 2,007.3 ", 190.2 , 629.4 ," 1,419.6 "," 1,533.1 ", 805.0 ," 2,809.9 ", 231.0 , 487.8 , 132.4 , 416.0 , 880.6 , 254.9 , 163.2 ,,,,,,,
Jul-09," 13,311.3 "," 6,586.5 "," 2,402.7 "," 3,687.7 ", 267.2 , 789.6 , 426.1 , 231.1 , 145.9 ," 1,056.1 ", 90.4 , 412.5 , 468.9 , 995.7 , 966.5 ," 2,063.1 ", 111.5 , 404.7 , 51.1 , 254.8 , 549.4 , 86.0 , 105.7 ,,,,,,,
Aug-09," 12,349.3 "," 6,648.0 "," 2,906.9 "," 3,070.6 ", 325.3 , 750.7 , 442.8 , 240.0 , 168.2 ," 1,278.6 ", 41.6 , 198.4 , 533.0 ," 1,393.5 "," 1,047.6 "," 2,588.1 ", 100.5 , 951.3 , 143.1 , 204.5 , 440.4 , 152.1 , 137.5 ,,,,,,,
Sep-09," 15,605.9 "," 7,717.6 "," 3,375.3 "," 4,179.0 ", 440.9 , 843.4 ," 1,026.3 ", 332.9 , 255.9 ," 1,581.3 ", 210.2 , 364.2 ," 1,002.7 "," 1,535.3 "," 1,226.5 "," 2,951.0 ", 307.6 , 404.5 , 119.8 , 369.2 , 981.0 , 256.8 , 146.9 ,,,,,,,
Oct-09," 11,634.4 "," 7,496.1 "," 2,366.4 "," 2,755.6 ", 266.2 , 808.2 , 662.9 , 224.6 , 151.9 ," 1,182.7 ", 66.3 , 364.1 , 637.8 ," 1,279.8 "," 1,091.2 "," 2,012.8 ", 185.9 , 462.6 , 52.4 , 261.2 , 471.7 , 178.7 , 173.4 ,,,,,,,
Nov-09," 12,600.8 "," 6,862.9 "," 2,459.9 "," 2,829.3 ", 271.5 , 689.5 , 650.2 , 180.6 , 132.4 , 739.6 , 70.4 , 202.4 , 617.2 ," 1,177.5 "," 1,146.8 "," 1,639.6 ", 115.9 ," 1,357.7 ", 55.8 , 228.1 , 417.3 , 159.8 , 88.6 ,,,,,,,
Dec-09," 21,114.4 "," 12,195.2 "," 3,141.4 "," 5,470.2 ", 398.4 , 874.0 ," 1,070.1 ", 336.3 , 339.4 ," 2,087.9 ", 257.2 , 575.5 ," 1,564.8 "," 2,011.1 "," 1,067.5 "," 3,396.5 ", 313.2 , 526.7 , 125.8 , 479.0 ," 1,261.6 ", 282.9 , 261.6 ,,,,,,,
Jan-10," 12,188.7 "," 7,065.3 "," 3,322.5 "," 2,908.8 ", 297.6 , 300.4 , 795.3 , 196.0 , 186.9 ," 1,130.1 ", 51.9 , 132.1 , 701.3 ," 1,116.7 ", 567.8 ," 1,966.5 ", 144.0 , 290.0 , 62.3 , 199.4 , 582.1 , 115.7 , 126.1 ,,,,,,,
Feb-10," 10,669.2 "," 6,317.5 "," 2,259.8 "," 3,211.8 ", 335.1 , 773.4 , 654.5 , 261.0 , 115.5 ," 1,089.0 ", 87.1 , 325.8 , 608.0 ," 1,234.8 ", 219.8 ," 1,735.7 ", 140.4 , 589.1 , 59.2 , 299.4 , 567.3 , 73.6 , 104.4 ,,,,,,,
Mar-10," 19,719.5 "," 11,401.7 "," 4,056.6 "," 5,190.1 ", 478.1 ," 1,294.2 "," 1,356.4 ", 502.5 , 397.7 ," 2,196.0 ", 265.5 , 499.3 ," 1,244.7 "," 1,780.2 ", 620.6 ," 3,280.4 ", 323.2 , 574.2 , 151.6 , 544.5 ," 1,079.9 ", 283.8 , 212.4 ,,,,,,,
Apr-10," 9,890.8 "," 6,574.5 "," 2,240.7 "," 2,955.1 ", 300.0 , 702.7 , 601.1 , 272.4 , 341.3 ," 1,320.2 ", 60.2 , 233.7 , 683.2 ," 1,259.7 "," 1,970.6 "," 1,333.8 ", 123.5 , 413.0 , 54.5 , 217.4 , 640.1 , 106.3 , 121.7 ,,,,,,,
May-10," 13,290.2 "," 7,984.8 "," 2,695.4 "," 3,666.9 ", 342.6 , 852.6 , 725.7 , 205.3 , 173.9 ," 1,217.1 ", 125.0 , 222.2 , 759.1 ," 1,592.7 ", 230.5 ," 2,023.6 ", 162.0 ," 4,172.7 ", 78.4 , 309.5 , 731.0 , 108.6 , 129.0 ,,,,,,,
Jun-10," 20,049.4 "," 9,513.2 "," 3,454.4 "," 5,651.4 ", 705.9 ," 1,019.9 "," 1,080.0 ", 352.9 , 306.1 ," 1,803.2 ", 194.9 , 389.8 ," 1,266.4 "," 2,102.8 ", 423.2 ," 3,109.3 ", 357.0 , 646.2 , 151.9 , 450.3 , 940.4 , 282.7 , 200.5 ,,,,,,,
Jul-10," 13,541.2 "," 7,417.4 "," 2,784.4 "," 3,607.0 ", 348.8 , 809.8 , 817.3 , 294.4 , 176.2 ," 1,472.9 ", 217.6 , 178.9 , 771.8 ," 1,669.6 ", 181.6 ," 1,823.0 ", 130.8 , 290.1 , 66.9 , 226.2 , 537.1 , 89.5 , 183.8 ,,,,,,,
Aug-10," 14,312.0 "," 6,351.6 "," 2,602.1 "," 3,158.2 ", 280.0 ," 1,129.2 ", 699.5 , 265.2 , 158.1 ," 1,152.7 ", 144.8 , 275.6 , 684.8 ," 1,217.7 ", 204.6 ," 2,698.4 ", 149.7 , 412.2 , 69.5 , 319.8 , 616.2 , 146.1 , 88.1 ,,,,,,,
Sep-10," 19,984.0 "," 10,405.0 "," 4,164.7 "," 4,581.8 ", 530.1 ," 1,100.8 "," 1,224.5 ", 354.6 , 344.2 ," 1,997.4 ", 202.3 , 384.1 ," 1,018.2 "," 1,564.8 ", 402.6 ," 2,976.7 ", 367.4 , 610.5 , 147.4 , 484.7 ," 1,245.2 ", 338.4 , 214.7 ,,,,,,,
Oct-10," 12,862.4 "," 9,688.4 "," 3,732.9 "," 3,362.5 ", 336.7 , 633.3 , 791.7 , 225.1 , 167.8 ," 1,253.4 ", 133.2 , 223.1 , 743.4 ," 1,675.2 ", 285.3 ," 2,379.7 ", 149.5 , 339.2 , 64.3 , 281.2 , 874.4 , 134.0 , 144.5 ,,,,,,,
Nov-10," 17,927.4 "," 10,324.9 "," 2,742.0 "," 3,489.4 ", 436.4 , 522.0 , 521.7 , 278.1 , 166.6 ," 1,309.4 ", 76.4 , 226.3 , 578.6 ," 1,677.8 ", 692.7 ," 1,935.5 ", 126.3 , 375.8 , 58.1 , 122.8 , 484.7 , 159.9 , 137.2 ,,,,,,,
Dec-10," 24,238.0 "," 15,090.3 "," 5,432.6 "," 6,167.6 ", 586.0 ," 1,529.1 "," 1,427.3 ", 333.7 , 322.2 ," 1,962.6 ", 220.7 , 362.1 ," 1,467.3 "," 2,355.8 "," 1,250.3 "," 4,049.6 ", 308.3 , 696.4 , 168.4 , 554.3 ," 1,179.8 ", 353.5 , 212.4 ,,,,,,,
Jan-11," 15,356.0 "," 8,169.1 "," 3,518.8 "," 4,079.4 ", 459.8 , 643.5 , 594.9 , 322.4 , 165.5 ," 1,692.0 ", 133.8 , 218.9 , 637.5 ," 1,636.9 "," 1,873.5 "," 2,029.0 ", 153.9 , 379.7 , 60.6 , 254.8 , 778.3 , 140.3 , 119.7 ,,,,,,,
Feb-11," 14,779.9 "," 7,776.8 "," 2,945.9 "," 4,178.6 ", 474.1 ," 1,453.0 ", 829.3 , 288.6 , 179.0 ," 1,584.2 ", 113.5 , 255.8 , 611.6 ," 2,024.6 ", 885.7 ," 1,717.6 ", 116.8 , 501.6 , 73.5 , 248.9 , 694.2 , 107.7 , 129.0 ,,,,,,,
Mar-11," 24,208.1 "," 14,124.8 "," 5,546.4 "," 6,539.7 ", 916.1 ," 1,592.9 "," 1,652.2 ", 608.2 , 447.3 ," 2,578.3 ", 467.1 , 521.0 ," 1,391.2 "," 2,820.6 "," 3,282.0 "," 3,861.9 ", 384.2 , 613.3 , 166.1 , 549.5 ," 1,284.9 ", 356.4 , 266.6 ,,,,,,,
Apr-11," 13,468.6 "," 6,846.4 "," 2,818.4 "," 3,156.9 ", 464.9 , 730.8 , 826.7 , 277.5 , 172.1 ," 1,406.2 ", 60.5 , 472.2 , 622.0 ," 1,250.4 "," 2,488.4 "," 2,266.6 ", 144.1 , 418.2 , 61.4 , 283.4 , 767.0 , 149.8 , 230.4 ,,,,,,,
May-11," 16,777.5 "," 11,350.6 "," 2,949.5 "," 4,109.4 ", 431.8 ," 1,538.1 ", 778.4 , 260.3 , 213.1 ," 1,806.0 ", 88.1 , 292.6 , 659.7 ," 1,862.7 ", 892.2 ," 2,821.9 ", 241.2 , 439.9 , 100.5 , 287.8 , 652.7 , 200.5 , 143.0 ,,,,,,,
Jun-11," 26,555.8 "," 14,661.7 "," 7,219.1 "," 7,834.9 ", 582.2 ," 1,518.7 "," 1,866.4 ", 429.3 , 309.3 ," 3,622.0 ", 135.6 , 499.2 ," 1,323.7 "," 2,246.5 "," 4,227.8 "," 3,816.5 ", 281.9 , 497.0 , 169.0 , 516.2 ," 1,430.0 ", 397.8 , 312.8 ,,,,,,,
Jul-11," 15,216.8 "," 10,649.7 "," 3,226.4 "," 4,446.8 ", 421.7 , 958.0 , 756.8 , 223.3 , 139.6 ," 1,640.3 ", 90.6 , 382.6 , 707.9 ," 1,748.3 "," 1,243.9 "," 2,187.1 ", 177.4 , 671.1 , 68.1 , 197.1 , 715.8 , 147.8 , 186.1 ,,,,,,,
Aug-11," 17,329.1 "," 9,916.2 "," 3,389.7 "," 4,193.5 ", 487.0 ," 1,110.5 "," 1,062.5 ", 314.6 , 205.7 ," 1,614.8 ", 105.2 , 281.8 , 718.9 ," 1,581.0 "," 6,394.4 "," 2,524.1 ", 244.8 , 584.9 , 79.8 , 213.5 , 791.8 , 135.8 , 214.7 ,,,,,,,
Sep-11," 20,586.6 "," 11,956.8 "," 4,114.8 "," 5,718.6 ", 624.8 ," 1,399.3 "," 1,743.1 ", 410.6 , 335.5 ," 2,492.3 ", 210.4 , 429.7 ," 1,251.0 "," 2,184.1 "," 3,634.8 "," 4,501.2 ", 344.3 , 599.7 , 158.1 , 545.2 ," 1,826.2 ", 311.1 , 288.0 ,,,,,,,
Oct-11," 19,953.9 "," 10,369.8 "," 3,471.8 "," 4,959.7 ", 455.6 ," 1,119.5 ", 809.0 , 248.2 , 193.3 ," 1,942.3 ", 99.1 , 279.0 ," 1,111.2 "," 1,721.0 ", 453.1 ," 3,842.2 ", 222.5 , 556.3 , 91.9 , 265.9 ," 1,134.9 ", 183.1 , 191.0 ,,,,,,,
Nov-11," 17,210.3 "," 13,876.2 "," 2,937.0 "," 4,151.5 ", 567.4 ," 1,016.9 ", 853.7 , 246.4 , 168.9 ," 1,414.0 ", 188.8 , 281.1 , 532.8 ," 1,638.2 ", 404.2 ," 2,657.3 ", 108.3 ," 1,329.6 ", 76.4 , 279.5 , 958.6 , 118.7 , 165.2 ,,,,,,,
Dec-11," 28,674.9 "," 16,767.9 "," 5,873.6 "," 8,411.9 ", 618.0 ," 1,447.8 "," 1,971.3 ", 341.3 , 377.4 ," 2,920.6 ", 241.4 , 486.9 ," 1,584.0 "," 2,418.0 ", 831.0 ," 7,254.2 ", 426.2 ," 1,186.7 ", 162.5 , 633.6 ," 1,619.2 ", 345.9 , 298.7 ,,,,,,,
Jan-12," 18,020.7 "," 12,005.5 "," 4,352.2 "," 4,400.5 ", 457.0 , 994.6 , 954.5 , 360.2 , 114.9 ," 1,716.8 ", 120.4 , 441.7 , 728.6 ," 1,760.9 ", 788.4 ," 3,502.3 ", 173.4 , 747.2 , 96.6 , 250.4 , 813.8 , 139.1 , 118.1 ,,,,,,,
Feb-12," 15,821.9 "," 14,472.1 "," 3,456.1 "," 4,432.7 ", 463.1 ," 1,195.8 "," 1,004.5 ", 318.8 , 209.0 ," 1,735.0 ", 112.8 , 520.0 , 716.4 ," 1,901.2 ", 464.1 ," 2,686.1 ", 299.4 , 538.9 , 96.2 , 245.0 ," 1,132.9 ", 106.7 , 134.5 ,,,,,,,
Mar-12," 26,766.5 "," 22,959.6 "," 5,646.2 "," 7,385.4 ", 730.7 ," 1,517.1 "," 2,010.5 ", 659.5 , 495.6 ," 2,902.6 ", 264.4 , 595.6 ," 1,668.1 "," 2,369.6 ", 545.7 ," 4,896.3 ", 494.8 , 751.7 , 185.0 , 694.9 ," 1,709.4 ", 330.7 , 287.7 ,,,,,,,
Apr-12," 15,793.1 "," 15,688.5 "," 3,970.4 "," 4,494.7 ", 408.0 ," 1,105.0 ", 921.3 , 274.0 , 174.0 ," 1,562.7 ", 112.5 , 607.4 , 705.2 ," 1,629.2 ", 630.5 ," 3,032.8 ", 271.4 , 412.8 , 72.3 , 166.3 , 999.0 , 163.8 , 159.1 ,,,,,,,
May-12," 21,371.5 "," 14,130.2 "," 3,503.2 "," 5,029.2 ", 523.5 ," 1,013.3 ", 930.0 , 329.5 , 210.8 ," 1,689.5 ", 116.3 , 326.4 , 877.8 ," 2,829.3 ", 482.9 ," 3,523.8 ", 290.8 , 579.7 , 83.1 , 439.1 ," 1,087.8 ", 231.5 , 158.3 ,,,,,,,
Jun-12," 40,458.2 "," 33,545.2 "," 6,555.6 "," 9,794.9 ", 649.0 ," 1,905.0 "," 1,657.3 ", 522.4 , 417.8 ," 2,674.3 ", 218.8 , 408.9 ," 1,379.6 "," 2,281.6 ", 797.2 ," 4,534.4 ", 462.7 , 973.0 , 150.9 , 570.2 ," 1,708.0 ", 360.5 , 411.1 ,,,,,,,
Jul-12," 26,094.7 "," 16,230.8 ", 735.1 ," 4,962.8 ", 262.6 , 371.2 , 822.4 , 283.6 , 206.5 ," 1,327.7 ", 225.7 , 288.7 ," 1,144.3 "," 1,608.9 ", 270.0 ," 3,287.7 ", 403.7 , 452.2 , 89.5 , 260.7 , 483.9 , 91.1 , 67.7 ,,,,,,,
Aug-12," 26,683.2 "," 12,540.5 "," 4,501.8 "," 5,026.7 ", 818.4 ," 1,358.8 ", 868.1 , 316.1 , 165.5 ," 1,699.9 ", 331.5 , 360.2 , 766.6 ," 1,963.5 ", 335.7 ," 2,856.8 ", 243.3 , 545.7 , 80.5 , 237.5 , 923.6 , 230.2 , 240.3 ,,,,,,,
Sep-12," 30,794.4 "," 19,385.9 "," 5,519.3 "," 6,610.1 ", 522.5 ," 1,407.6 "," 1,908.0 ", 431.4 , 373.9 ," 2,443.4 ", 269.9 , 513.6 ," 1,344.4 "," 1,577.8 ", 520.5 ," 4,601.6 ", 450.0 ," 1,022.0 ", 173.0 , 622.1 ," 2,491.4 ", 353.0 , 252.9 ,,,,,,,
Oct-12," 28,376.4 "," 19,385.9 "," 5,519.3 "," 6,610.1 ", 522.5 ," 1,407.6 "," 1,908.0 ", 431.4 , 373.9 ," 2,443.4 ", 269.9 , 513.6 ," 1,344.4 "," 1,577.8 ", 520.5 ," 4,601.6 ", 450.0 ," 1,022.0 ", 173.0 , 622.1 ," 2,491.4 ", 353.0 , 252.9 ,,,,,,,
Nov-12," 19,637.4 "," 13,802.1 "," 5,039.3 "," 4,529.0 ", 615.1 ," 1,523.5 "," 1,123.0 ", 288.4 , 186.6 ," 1,646.4 ", 307.3 , 376.1 ," 1,000.3 "," 2,612.6 ", 259.6 ," 3,383.3 ", 235.7 , 654.3 , 126.0 , 258.4 ," 1,050.1 ", 150.7 , 277.6 ,,,,,,,
Dec-12," 20,525.0 "," 11,912.0 "," 4,658.4 "," 4,639.7 ", 429.9 ," 1,434.4 "," 1,085.5 ", 215.6 , 176.4 ," 2,371.0 ", 125.5 , 308.1 , 811.2 ," 1,355.8 ", 241.6 ," 2,583.5 ", 260.6 , 502.9 , 80.1 , 338.2 , 773.7 , 98.1 , 194.1 ,,,,,,,
Jan-13," 28,923.8 "," 12,004.7 "," 6,157.4 "," 5,566.4 ", 667.4 ," 1,584.0 "," 1,028.0 ", 491.5 , 149.1 ," 2,056.2 ", 257.0 , 331.4 ," 1,046.4 "," 1,877.6 ", 283.9 ," 4,415.7 ", 148.9 , 555.2 , 109.5 , 399.1 ," 1,071.8 ", 140.6 , 116.2 ,,,,,,,
Feb-13," 21,891.0 "," 9,040.8 "," 5,522.0 "," 3,913.3 ", 478.4 ," 1,473.4 "," 1,396.1 ", 349.1 , 199.6 ," 2,148.5 ", 136.1 , 359.1 , 812.9 , 857.6 , 416.9 ," 2,889.2 ", 190.2 , 619.8 , 100.7 , 361.0 , 860.5 , 180.3 , 226.2 ,,,,,,,
Mar-13," 39,382.2 "," 17,834.5 "," 7,230.5 "," 8,575.7 ", 927.1 ," 1,908.5 "," 2,321.8 ", 787.8 , 470.2 ," 3,527.5 ", 229.1 , 615.0 ," 1,702.7 "," 3,398.0 ", 426.0 ," 6,442.2 ", 424.9 , 962.8 , 237.2 , 838.6 ," 1,674.0 ", 381.8 , 370.7 ,,,,,,,
Apr-13," 25,630.1 "," 12,311.4 "," 5,962.7 "," 4,716.6 ", 690.2 ," 1,589.4 "," 1,601.7 ", 442.9 , 135.8 ," 2,303.9 ", 127.4 ," 1,017.6 "," 1,008.3 "," 2,294.4 ", 426.8 ," 3,502.8 ", 206.3 , 660.4 , 91.8 , 469.9 ," 1,126.9 ", 169.3 , 167.9 ,,,,,,,
May-13," 29,100.8 "," 20,320.1 "," 5,511.9 "," 5,685.9 ", 552.3 ," 1,517.9 "," 1,628.9 ", 452.4 , 200.3 ," 2,160.8 ", 166.0 , 449.1 , 989.7 ," 1,729.6 ", 271.8 ," 3,249.2 ", 295.0 , 658.3 , 94.6 , 322.7 , 867.3 , 219.4 , 201.1 ,,,,,,,
Jun-13," 40,629.5 "," 27,734.8 "," 11,847.7 "," 10,603.7 ", 832.7 ," 1,738.5 "," 2,596.0 ", 705.6 , 487.1 ," 4,879.8 ", 278.4 , 781.8 ," 1,502.9 "," 2,591.9 ", 426.1 ," 5,845.7 ", 489.5 ," 1,078.8 ", 243.7 , 805.4 ," 2,086.5 ", 445.0 , 614.9 ,,,,,,,
Jul-13," 24,576.2 "," 20,602.5 "," 6,688.4 "," 5,089.6 ", 616.1 ," 1,592.1 "," 1,149.6 ", 521.8 , 186.6 ," 1,979.9 ", 233.3 , 452.5 , 987.6 ," 2,058.0 ", 281.2 ," 3,269.4 ", 214.8 , 747.1 , 158.1 , 500.4 , 801.9 , 165.8 , 309.5 ,,,,,,,
Aug-13," 27,720.0 "," 13,315.7 "," 4,942.0 "," 4,168.9 ", 514.3 ," 1,281.8 "," 1,353.9 ", 464.8 , 193.6 ," 1,954.5 ", 227.4 , 562.2 , 929.7 ," 1,860.1 ", 221.4 ," 2,908.2 ", 192.0 , 572.4 , 100.5 , 366.5 , 781.3 , 214.1 , 217.0 ,,,,,,,
Sep-13," 32,272.6 "," 24,184.7 "," 7,361.5 "," 7,764.9 ", 861.2 ," 1,971.1 "," 2,015.6 ", 611.7 , 399.7 ," 3,297.8 ", 221.9 , 597.6 ," 1,683.6 "," 2,355.6 ", 387.7 ," 5,900.0 ", 508.8 , 839.8 , 233.3 , 815.0 ," 2,375.1 ", 419.9 , 488.5 ,,,,,,,
Oct-13," 30,114.3 "," 18,954.6 "," 6,661.7 "," 5,310.1 ", 511.3 ," 1,882.6 "," 1,715.3 ", 424.1 , 193.2 ," 1,993.2 ", 152.1 , 522.0 ," 1,021.8 "," 2,132.7 ", 375.3 ," 3,330.9 ", 252.4 , 697.0 , 125.6 , 402.0 , 916.3 , 284.1 , 613.0 ,,,,,,,
Nov-13," 25,526.3 "," 17,346.8 "," 5,892.7 "," 8,422.5 ", 639.1 ," 1,804.9 ", 928.6 , 413.0 , 189.6 ," 1,611.5 ", 262.0 , 539.8 , 872.5 ," 2,084.0 ", 362.7 ," 3,260.8 ", 262.4 , 433.0 , 112.1 , 791.7 , 818.3 , 270.1 , 356.8 ,,,,,,,
Dec-13," 43,652.6 "," 29,812.3 "," 9,313.2 "," 9,296.4 "," 1,068.2 "," 1,911.1 "," 1,966.7 ", 570.5 , 489.3 ," 3,612.6 ", 320.8 , 546.5 ," 1,862.2 "," 3,234.6 ", 475.1 ," 4,416.1 ", 688.6 , 989.5 , 283.9 , 965.4 ," 1,718.1 ", 596.7 , 454.5 ,,,,,,,
Jan-14," 70,809.4 "," 22,918.5 "," 7,026.2 "," 6,545.1 ", 761.9 ," 1,961.4 "," 1,592.1 ", 431.3 , 275.2 ," 2,819.2 ", 216.3 , 462.3 ," 1,236.0 "," 3,208.5 ", 503.0 ," 6,053.5 ", 295.7 , 613.9 , 164.8 , 366.2 ," 1,281.7 ", 240.4 , 455.9 ,,,,,,,
Feb-14," 31,349.8 "," 21,773.9 "," 6,655.7 "," 5,775.4 ", 883.6 ," 1,938.7 "," 1,694.3 ", 405.1 , 218.3 ," 1,918.7 ", 163.1 , 396.7 , 813.0 ," 1,730.7 ", 464.8 ," 2,983.7 ", 309.5 , 666.1 , 173.8 , 652.5 , 985.7 , 249.0 , 607.8 ,,,,,,,
Mar-14," 41,484.9 "," 24,841.8 "," 9,915.2 "," 8,283.4 "," 1,286.7 "," 1,853.9 "," 2,581.1 "," 1,040.4 ", 602.1 ," 3,522.2 ", 300.8 , 814.0 ," 1,933.4 "," 2,813.8 ", 556.1 ," 7,587.1 ", 548.2 , 896.7 , 324.1 , 992.5 ," 2,167.4 ", 603.2 , 611.0 ,,,,,,,
Apr-14," 28,594.1 "," 20,700.5 "," 7,107.0 "," 6,119.5 ", 698.9 ," 2,409.5 "," 1,621.3 ", 461.1 , 330.2 ," 2,864.4 ", 269.8 , 569.8 ," 1,249.6 "," 2,121.7 ", 340.6 ," 3,198.5 ", 345.9 , 698.2 , 157.5 , 620.1 ," 1,101.4 ", 305.7 , 380.2 ,,,,,,,
May-14," 27,405.4 "," 20,870.3 "," 6,595.0 "," 5,878.3 ", 859.5 ," 1,995.0 "," 1,768.4 ", 653.9 , 407.4 ," 2,184.5 ", 355.1 , 490.1 ," 1,083.3 "," 2,321.6 "," 1,003.2 "," 4,134.9 ", 380.5 , 724.7 , 233.2 , 600.0 ," 1,187.6 ", 357.6 , 305.8 ,,,,,,,
Jun-14," 53,419.4 "," 30,982.5 "," 15,875.7 "," 10,795.9 "," 1,337.8 "," 2,141.6 "," 2,541.2 ", 938.6 , 611.7 ," 3,909.8 ", 338.1 , 662.8 ," 1,879.6 "," 3,078.8 ", 577.7 ," 5,797.7 ", 766.1 ," 1,053.9 ", 329.4 , 964.8 ," 2,211.1 ", 636.3 , 768.1 ,,,,,,,
Jul-14," 30,983.7 "," 29,816.2 "," 6,440.7 "," 5,948.2 ", 808.5 ," 1,972.9 "," 1,594.7 ", 532.6 , 225.3 ," 2,385.8 ", 173.7 , 589.0 ," 1,020.5 "," 1,342.9 ", 641.2 ," 2,666.9 ", 400.6 , 687.4 , 211.5 , 499.1 ," 1,066.9 ", 241.3 , 489.7 ,,,,,,,
Aug-14," 32,744.2 "," 16,055.9 "," 5,721.8 "," 6,055.0 ", 752.1 ," 1,355.3 "," 1,572.6 ", 434.8 , 304.6 ," 1,745.0 ", 340.7 , 595.9 ," 1,416.3 "," 2,094.8 ", 377.7 ," 3,192.4 ", 281.3 , 486.5 , 128.1 , 318.7 , 875.8 , 291.6 , 370.8 ,,,,,,,
Sep-14," 38,068.2 "," 24,605.7 "," 12,249.6 "," 8,970.6 "," 1,407.4 "," 2,461.8 "," 2,304.0 ", 890.2 , 591.6 ," 4,346.7 ", 494.8 , 550.3 ," 1,676.2 "," 3,406.2 ", 782.1 ," 4,638.8 ", 757.1 ," 1,419.1 ", 381.6 , 984.7 ," 2,699.9 ", 560.4 , 463.3 ,,,,,,,
Oct-14," 38,098.3 "," 19,438.5 "," 8,095.6 "," 6,357.6 "," 1,157.3 "," 1,734.7 "," 2,169.4 ", 729.7 , 305.2 ," 2,656.7 ", 293.2 , 560.8 ," 1,193.4 "," 1,739.1 ", 500.6 ," 3,614.3 ", 365.8 , 794.8 , 263.0 , 457.1 ," 1,109.8 ", 402.3 , 543.8 ,,,,,,,
Nov-14," 33,914.0 "," 20,613.6 "," 7,104.5 "," 4,789.8 ", 765.1 ," 1,256.9 ", 976.0 , 405.6 , 283.3 ," 1,589.6 ", 142.1 , 529.1 , 800.8 ," 1,595.8 ", 543.1 ," 2,304.0 ", 189.6 ," 1,471.5 ", 123.0 , 314.6 ," 1,003.0 ", 307.5 , 265.4 ,,,,,,,
Dec-14," 57,699.3 "," 28,553.7 "," 15,481.1 "," 10,753.5 "," 1,228.2 "," 2,426.3 "," 2,113.4 ", 759.9 , 528.1 ," 3,367.7 ", 373.7 , 751.5 ," 1,486.4 "," 3,656.9 ", 710.8 ," 4,707.9 ", 587.3 ," 1,059.6 ", 296.0 ," 1,133.2 "," 1,924.5 ", 466.7 , 606.6 ,,,,,,,
Jan-15," 31,671.3 "," 18,001.3 "," 8,187.6 "," 6,332.6 "," 1,115.9 "," 1,910.0 "," 1,751.0 ", 514.5 , 305.3 ," 2,540.0 ", 432.7 , 585.7 ," 1,304.5 "," 3,034.9 ", 500.4 ," 3,301.4 ", 413.8 , 760.3 , 211.5 , 505.5 ," 1,672.5 ", 351.0 , 482.8 ,,,,,,,
Feb-15," 33,208.5 "," 17,655.4 "," 7,611.7 "," 5,906.7 ", 934.8 ," 2,631.5 "," 1,607.8 ", 457.9 , 251.6 ," 3,415.8 ", 337.0 , 421.3 ," 1,288.7 "," 3,904.5 ", 702.4 ," 3,307.4 ", 326.2 , 783.0 , 144.3 , 482.9 ," 1,418.3 ", 350.0 , 409.8 ,,,,,,,
Mar-15," 42,752.9 "," 20,808.1 "," 12,533.2 "," 9,617.4 "," 1,489.3 "," 1,901.6 "," 3,090.2 "," 1,181.8 ", 589.0 ," 4,391.8 ", 474.0 , 836.4 ," 1,849.9 "," 2,610.8 ", 726.7 ," 4,605.2 ", 644.6 ," 1,737.2 ", 377.0 ," 1,057.8 "," 2,797.3 ", 584.3 , 561.9 ,,,,,,,
Apr-15," 33,587.9 "," 19,121.4 "," 7,782.0 "," 6,533.3 ", 895.7 ," 1,472.6 "," 2,987.3 ", 532.5 , 208.1 ," 2,630.9 ", 357.4 , 492.8 ," 1,267.0 "," 1,598.4 ", 510.7 ," 2,869.3 ", 272.3 , 908.1 , 217.9 , 585.2 ," 1,270.0 ", 556.3 , 428.9 ,,,,,,,
May-15," 30,245.6 "," 19,180.7 "," 7,668.2 "," 5,434.8 ", 708.9 ," 1,959.0 "," 2,124.4 ", 590.0 , 426.9 ," 2,447.2 ", 167.4 , 676.4 ," 1,103.8 "," 3,048.6 ", 616.5 ," 4,257.7 ", 296.4 , 895.7 , 360.3 , 373.8 ," 1,249.9 ", 411.4 , 546.9 ,,,,,,,
Jun-15," 52,138.1 "," 26,951.2 "," 13,147.5 "," 10,947.4 "," 1,316.0 "," 2,277.2 "," 3,089.5 ", 933.7 , 663.6 ," 4,341.3 ", 532.6 , 771.9 ," 2,034.8 "," 2,460.2 ", 879.4 ," 4,754.0 ", 723.5 ," 1,345.2 ", 388.7 ," 1,296.6 "," 2,624.8 ", 823.5 , 803.6 ,,,,,,,
Jul-15," 32,826.5 "," 21,435.5 "," 8,238.2 "," 7,957.8 "," 1,023.4 "," 1,230.1 "," 2,258.4 ", 565.9 , 340.8 ," 2,503.3 ", 358.8 , 636.5 ," 1,313.9 "," 1,560.0 ", 331.0 ," 3,692.2 ", 372.3 , 813.7 , 217.5 , 554.2 ," 1,739.6 ", 314.0 , 643.1 ,,,,,,,
Aug-15," 34,084.8 "," 17,881.4 "," 7,910.3 "," 6,794.8 ", 987.7 ," 1,268.2 "," 1,947.5 ", 565.6 , 186.0 ," 2,610.7 ", 189.7 , 566.6 ," 1,180.0 "," 2,434.3 ", 563.4 ," 2,573.1 ", 331.7 , 964.7 , 272.8 , 452.2 ," 1,270.5 ", 449.3 , 580.8 ,,,,,,,
Sep-15," 45,457.8 "," 22,736.4 "," 12,852.3 "," 9,681.7 "," 1,548.1 "," 3,042.0 "," 2,755.6 ", 897.9 , 661.7 ," 4,153.4 ", 608.7 , 956.7 ," 2,203.3 "," 3,699.2 ", 538.8 ," 4,916.8 ", 692.6 ," 1,596.0 ", 407.3 ," 1,772.6 "," 4,650.0 ", 589.9 , 582.3 ,,,,,,,
Oct-15," 44,669.8 "," 20,837.4 "," 9,620.8 "," 9,707.9 "," 1,398.0 "," 3,296.0 "," 1,724.7 ", 604.6 , 442.9 ," 2,971.6 ", 332.6 , 580.5 ," 1,566.1 "," 3,495.0 ", 601.2 ," 3,585.4 ", 424.7 , 922.6 , 235.3 , 640.0 ," 1,825.5 ", 350.5 , 443.3 ,,,,,,,
Nov-15," 40,451.4 "," 20,199.0 "," 9,257.7 "," 8,049.9 "," 1,057.0 "," 2,878.0 "," 2,484.7 ", 620.7 , 238.0 ," 3,138.2 ", 315.4 , 698.0 ," 1,333.0 "," 3,324.3 ", 507.4 ," 3,532.4 ", 293.6 ," 1,211.4 ", 219.5 , 435.3 ," 2,672.1 ", 475.4 , 564.5 ,,,,,,,
Dec-15," 68,773.3 "," 32,486.3 "," 20,273.2 "," 14,375.3 "," 1,788.3 "," 3,912.3 "," 3,367.6 "," 1,062.9 ", 665.2 ," 5,388.5 ", 559.7 ," 1,264.1 "," 2,332.9 "," 6,062.2 ", 852.5 ," 7,226.6 ", 891.9 ," 1,919.2 ", 557.1 ," 1,370.3 "," 2,805.2 ", 773.4 ," 1,041.6 ",,,,,,,
Jan-16," 40,962.6 "," 23,342.8 "," 9,552.7 "," 9,467.6 ", 996.9 ," 2,986.1 "," 2,550.8 ", 752.0 , 671.4 ," 3,414.2 ", 290.4 , 627.6 ," 1,568.9 "," 2,465.5 "," 1,667.3 "," 4,160.7 ", 438.7 , 967.6 , 301.1 , 771.3 ," 1,945.7 ", 378.1 , 525.6 ,,,,,,,
Feb-16," 37,347.1 "," 23,225.2 "," 8,748.3 "," 8,144.3 "," 1,385.3 "," 2,670.3 "," 2,089.2 ", 770.7 , 283.9 ," 3,567.4 ", 432.9 , 662.6 ," 1,320.4 "," 3,928.6 ", 830.7 ," 5,067.2 ", 385.3 ," 1,145.3 ", 276.9 , 571.2 ," 1,805.5 ", 407.3 , 636.0 ,,,,,,,
Mar-16," 51,718.9 "," 28,201.3 "," 16,907.5 "," 14,111.0 "," 1,940.9 "," 3,546.7 "," 4,006.4 "," 1,385.4 ", 995.6 ," 5,529.7 ", 460.6 ," 1,138.0 "," 3,170.8 "," 4,222.1 ", 805.1 ," 6,001.2 ", 795.8 ," 2,734.2 ", 545.8 ," 1,284.5 "," 3,180.4 ", 664.1 ," 1,070.8 ",,,,,,,
Apr-16," 40,319.0 "," 24,693.0 "," 9,568.5 "," 8,307.1 "," 1,312.0 "," 2,894.7 "," 2,178.7 ", 652.9 , 394.4 ," 3,291.3 ", 317.5 , 882.9 ," 1,605.3 "," 3,251.0 ", 513.1 ," 5,435.0 ", 389.0 ," 1,485.8 ", 378.3 , 524.4 ," 1,816.1 ", 367.0 , 751.1 ,,,,,,,
May-16," 35,701.8 "," 24,699.7 "," 10,714.1 "," 8,345.4 "," 1,171.1 "," 2,682.8 "," 2,358.0 ", 656.8 , 309.8 ," 2,973.0 ", 283.6 , 736.6 ," 1,688.9 "," 3,070.0 ", 565.2 ," 3,840.6 ", 381.2 ," 1,261.7 ", 332.7 , 770.1 ," 1,502.3 ", 515.3 , 730.3 ,,,,,,,
Jun-16," 72,743.2 "," 41,892.8 "," 18,123.0 "," 14,626.1 "," 1,922.3 "," 3,798.6 "," 3,687.8 "," 1,255.5 ", 964.0 ," 6,197.8 ", 727.7 ," 1,870.6 "," 2,656.5 "," 4,773.2 "," 1,058.6 "," 5,782.8 ", 765.6 ," 2,124.8 ", 600.9 ," 1,458.7 "," 2,932.3 ", 746.2 ," 1,315.0 ",,,,,,,
Jul-16," 44,395.3 "," 24,538.4 "," 10,379.3 "," 9,432.6 "," 1,473.5 "," 2,690.6 "," 2,028.4 ", 834.5 , 576.9 ," 3,231.9 ", 307.0 , 970.2 ," 1,993.2 "," 3,582.3 ", 649.3 ," 5,103.8 ", 709.3 ," 1,378.0 ", 422.1 , 568.9 ," 1,535.0 ", 579.2 , 671.7 ,,,,,,,
Aug-16," 43,923.7 "," 24,891.6 "," 9,927.1 "," 10,349.9 "," 1,178.1 "," 2,686.8 "," 2,668.4 ", 611.7 , 416.8 ," 3,608.7 ", 301.8 , 553.3 ," 1,458.2 "," 3,896.4 "," 1,489.0 "," 4,645.1 ", 617.5 ," 1,229.9 ", 271.9 , 558.3 ," 1,872.3 ", 565.8 , 485.9 ,,,,,,,
Sep-16," 55,542.4 "," 30,787.8 "," 15,038.0 "," 14,469.0 "," 1,983.0 "," 3,654.8 "," 3,557.5 "," 1,026.4 ", 828.2 ," 4,898.9 ", 415.1 ," 1,049.4 "," 2,784.6 "," 4,473.1 "," 1,446.2 "," 7,055.1 "," 1,103.1 "," 1,789.3 ", 554.1 ," 1,366.2 "," 6,652.2 ", 802.8 ," 1,053.8 ",,,,,,,
Oct-16," 39,350.7 "," 26,483.5 "," 10,983.8 "," 11,690.0 "," 1,532.9 "," 3,003.1 "," 2,680.6 ", 842.8 , 360.1 ," 3,132.9 ", 274.3 , 664.3 ," 1,458.5 "," 3,391.7 ", 780.8 ," 5,744.1 ", 632.9 ," 1,168.5 ", 409.2 , 752.9 ," 1,596.2 ", 430.3 , 727.5 ,,,,,,,
Nov-16," 40,349.6 "," 22,564.4 "," 10,014.9 "," 11,014.7 "," 1,183.8 "," 2,887.3 "," 2,083.0 ", 801.5 , 780.8 ," 3,172.4 ", 317.0 , 851.8 ," 1,833.4 "," 2,859.6 "," 1,529.4 "," 4,842.5 ", 461.4 ," 1,152.1 ", 343.6 , 687.8 ," 2,221.9 ", 580.3 , 521.1 ,,,,,,,
Dec-16," 67,282.9 "," 37,553.4 "," 21,864.9 "," 17,862.2 "," 2,224.8 "," 3,882.5 "," 3,900.2 "," 1,132.0 "," 1,203.8 "," 5,002.8 ", 559.1 ," 1,138.3 "," 3,195.3 "," 5,380.7 "," 1,255.6 "," 8,877.6 ", 914.9 ," 2,964.0 ", 470.0 ," 1,272.5 "," 3,955.0 ", 867.7 ," 1,331.2 ",,,,,,,
Jan-17," 43,123.5 "," 26,345.8 "," 11,247.6 "," 10,550.4 "," 1,533.7 "," 2,777.1 "," 2,731.8 ", 908.3 , 574.2 ," 3,689.5 ", 326.5 ," 1,326.0 "," 1,844.6 "," 3,587.6 "," 1,763.2 "," 4,106.7 ", 500.6 ," 1,764.7 ", 382.3 , 489.9 ," 1,851.5 ", 459.0 , 525.8 ,,,,,,,
Feb-17," 43,810.7 "," 26,093.3 "," 15,042.7 "," 10,753.3 "," 1,464.4 "," 3,242.6 "," 3,507.6 ", 741.1 ," 1,058.5 "," 4,167.6 ", 379.8 , 719.5 ," 2,268.0 "," 3,600.9 ", 805.5 ," 4,989.3 ", 503.3 ," 1,543.3 ", 346.3 , 766.1 ," 2,128.8 ", 413.5 , 701.2 ,,,,,,,
Mar-17," 59,950.8 "," 35,015.9 "," 16,131.2 "," 17,784.5 "," 2,219.7 "," 3,520.5 "," 4,140.2 "," 1,531.4 "," 1,020.1 "," 5,416.9 ", 653.6 ," 1,499.0 "," 3,051.2 "," 4,930.9 "," 1,788.3 "," 7,447.9 ", 944.5 ," 3,689.9 ", 551.0 ," 1,723.7 "," 3,398.8 ", 793.7 ," 1,161.0 ",,,,,,,
Apr-17," 40,176.5 "," 25,314.6 "," 10,194.3 "," 9,143.7 "," 1,256.0 "," 2,787.3 "," 2,702.2 ", 688.4 , 604.0 ," 3,697.1 ", 290.9 , 628.1 ," 2,253.5 "," 3,226.2 "," 1,007.3 "," 5,705.4 ", 558.7 ," 3,650.2 ", 329.6 , 427.6 ," 2,293.3 ", 443.2 , 633.2 ,,,,,,,
May-17," 48,345.6 "," 28,189.7 "," 10,439.9 "," 12,690.9 "," 1,318.3 "," 2,961.7 "," 3,063.4 ", 758.3 , 616.9 ," 3,928.3 ", 473.5 ," 1,007.6 "," 1,877.8 "," 3,790.2 "," 1,606.0 "," 4,943.7 ", 504.5 ," 1,333.9 ", 318.2 , 577.0 ," 1,774.2 ", 565.0 , 666.9 ,,,,,,,
Jun-17," 62,647.6 "," 40,036.1 "," 18,378.6 "," 17,762.4 "," 2,218.4 "," 5,334.3 "," 3,886.8 "," 1,170.1 ", 843.2 ," 6,540.4 ", 820.9 ," 1,274.9 "," 3,249.8 "," 4,365.6 "," 2,526.3 "," 9,126.5 "," 1,021.9 "," 3,017.3 ", 765.0 ," 1,328.7 "," 3,486.0 ", 848.5 ," 1,409.9 ",,,,,,,
Jul-17," 59,857.4 "," 27,193.0 "," 12,766.2 "," 12,839.0 "," 1,604.9 "," 2,912.7 "," 3,213.7 ", 887.0 , 707.3 ," 3,556.2 ", 452.9 ," 1,163.6 "," 1,882.3 "," 3,977.0 "," 1,210.8 "," 4,440.0 ", 497.3 ," 1,978.3 ", 549.4 , 566.8 ," 1,924.5 ", 604.9 , 911.6 ,,,,,,,
Aug-17," 46,555.9 "," 28,265.8 "," 11,021.3 "," 13,403.5 "," 1,662.4 "," 2,960.6 "," 3,281.6 ", 662.9 , 540.6 ," 3,652.1 ", 294.3 , 776.4 ," 1,828.6 "," 3,759.9 ", 906.5 ," 4,420.7 ", 262.5 ," 1,358.8 ", 624.4 , 587.4 ," 2,258.8 ", 722.0 , 752.8 ,,,,,,,
Sep-17," 60,039.3 "," 31,084.4 "," 17,310.0 "," 19,195.0 "," 2,563.3 "," 3,686.0 "," 3,952.8 "," 1,167.9 ", 995.8 ," 5,638.7 ", 454.6 ," 1,661.8 "," 3,262.8 "," 5,179.0 ", 995.6 ," 8,378.2 "," 1,544.0 "," 3,322.1 ", 757.9 ," 1,330.3 "," 4,326.9 "," 1,054.9 "," 1,211.1 ",,,,,,,
Oct-17," 59,093.3 "," 31,081.8 "," 11,004.3 "," 13,078.4 "," 1,647.6 "," 3,316.8 "," 2,817.9 ", 925.3 , 660.3 ," 4,796.3 ", 370.5 , 791.1 ," 2,420.3 "," 5,179.0 "," 2,213.3 "," 5,598.0 ", 635.0 ," 1,927.0 ", 445.2 , 470.0 ," 1,994.4 ", 669.4 , 935.5 ,,,,,,,
Nov-17," 40,354.8 "," 28,219.3 "," 12,618.2 "," 14,459.1 "," 1,783.5 "," 3,332.0 "," 2,803.9 ", 961.0 , 600.6 ," 4,428.0 ", 488.6 ," 1,288.7 "," 2,334.2 "," 4,110.9 "," 1,011.1 "," 4,696.3 ", 431.2 , 712.7 , 377.0 , 606.0 ," 1,813.3 ", 332.2 , 791.2 ," 4,723.0 ", 728.7 ," 1,486.3 ", 291.6 , 623.0 , 216.9 , 296.5 
Dec-17," 60,754.3 "," 45,758.2 "," 25,860.6 "," 23,737.6 "," 2,452.5 "," 4,114.3 "," 3,677.9 "," 1,549.1 ", 993.1 ," 6,562.7 ", 709.8 ," 1,989.9 "," 2,710.9 "," 5,628.4 "," 1,140.5 "," 9,762.3 "," 1,001.6 "," 1,423.9 ", 875.4 ," 1,207.8 "," 3,685.7 ", 683.3 ," 1,504.4 "," 7,901.2 "," 1,150.0 "," 2,633.2 ", 366.9 , 956.4 , 325.4 , 477.7 
Jan-18," 41,844.1 "," 31,684.5 "," 14,506.2 "," 14,298.3 "," 2,635.2 "," 4,167.0 "," 2,174.8 ", 904.7 , 819.1 ," 5,123.8 ", 419.4 ," 1,287.7 "," 2,668.7 "," 4,867.4 "," 1,119.7 "," 4,586.3 ", 573.4 , 626.1 , 553.1 , 695.2 ," 2,396.2 ", 447.7 , 680.1 ," 4,397.3 "," 1,890.5 "," 1,302.6 ", 188.1 ," 1,049.1 ", 162.7 , 272.1 
Feb-18," 56,842.7 "," 30,001.8 "," 12,769.5 "," 13,845.2 "," 2,592.1 "," 5,356.8 "," 2,427.5 ", 976.2 ," 1,114.2 "," 4,731.0 ", 460.1 , 938.4 ," 2,096.6 "," 4,076.4 "," 1,050.5 "," 4,584.0 ", 617.4 , 803.2 , 401.5 , 536.1 ," 1,945.1 ", 293.5 , 728.7 ," 5,611.9 "," 1,313.5 ", 824.1 , 230.9 , 762.1 , 247.5 , 412.6 
Mar-18," 68,593.8 "," 35,481.6 "," 17,375.9 "," 19,932.8 "," 2,806.0 "," 4,187.6 "," 3,669.1 "," 1,615.0 "," 1,202.5 "," 8,877.6 ", 685.7 ," 1,914.7 "," 3,603.9 "," 6,071.6 "," 1,592.1 "," 7,950.1 ", 981.4 , 836.2 , 695.2 ," 1,441.8 "," 3,960.2 ", 710.8 ," 1,431.1 "," 6,640.0 "," 3,576.7 "," 5,024.0 ", 262.2 ," 1,437.5 ", 390.6 , 618.4 
Apr-18," 41,593.8 "," 26,450.0 "," 12,065.2 "," 11,044.8 "," 2,029.0 "," 3,493.0 "," 1,973.6 ", 736.5 , 553.8 ," 4,079.2 ", 319.9 ," 1,012.7 "," 1,969.8 "," 4,660.5 ", 757.7 ," 4,321.9 ", 626.0 , 837.3 , 326.0 , 549.8 ," 1,592.8 ", 410.9 , 562.8 ," 4,072.8 "," 2,585.8 ", 849.5 , 208.5 , 609.3 , 338.8 , 397.0 
May-18," 39,198.5 "," 29,254.6 "," 12,139.6 "," 12,932.4 "," 2,255.7 "," 3,244.8 "," 2,277.2 ", 714.0 , 651.1 ," 4,345.4 ", 468.3 ," 1,282.8 "," 1,607.3 "," 5,153.6 ", 642.3 ," 4,183.0 ", 484.3 , 752.4 , 304.9 , 699.8 ," 1,746.2 ", 419.1 , 854.9 ," 3,977.4 "," 1,364.4 ", 799.2 , 166.4 , 878.0 , 260.4 , 304.0 
Jun-18," 60,647.2 "," 36,713.4 "," 21,402.9 "," 22,842.6 "," 4,360.4 "," 4,668.5 "," 3,929.1 "," 1,483.2 "," 1,445.9 "," 7,785.2 ", 619.1 ," 1,433.7 "," 3,688.3 "," 6,105.8 "," 1,842.5 "," 7,940.1 "," 1,137.1 "," 1,508.0 ", 682.9 ," 1,487.4 "," 3,422.5 ", 750.3 ," 2,207.1 "," 8,194.9 "," 3,359.9 "," 1,255.2 ", 271.3 ," 1,226.7 ", 511.0 , 678.5 
Jul-18," 37,205.6 "," 30,095.8 "," 12,916.7 "," 13,229.6 "," 1,836.6 "," 3,067.8 "," 2,177.0 ", 729.4 , 782.0 ," 4,311.3 ", 258.8 ," 1,157.7 "," 2,101.4 "," 3,903.4 "," 1,310.0 "," 3,807.1 ", 494.7 , 775.2 , 344.3 , 770.2 ," 1,914.3 ", 450.4 , 559.4 ," 4,146.2 "," 2,630.6 ", 858.2 , 135.3 , 698.1 , 164.5 , 364.7 
Aug-18," 50,609.3 "," 30,271.0 "," 11,998.4 "," 12,095.7 "," 1,922.2 "," 3,022.0 "," 2,213.8 ", 654.6 , 483.2 ," 4,179.6 ", 242.9 , 723.3 ," 1,541.5 "," 4,521.3 ", 612.1 ," 3,635.0 ", 497.8 , 626.3 , 336.9 , 570.0 ," 2,170.0 ", 274.4 , 565.5 ," 3,975.6 "," 2,564.8 ", 979.0 , 93.6 ," 1,009.4 ", 170.2 , 227.9 
Sep-18," 45,319.7 "," 33,785.5 "," 17,955.6 "," 20,893.6 "," 2,495.7 "," 3,978.3 "," 3,121.4 "," 1,348.1 "," 1,141.8 "," 6,526.6 "," 1,219.6 "," 1,625.8 "," 2,138.5 "," 5,796.2 "," 1,549.0 "," 6,960.1 ", 961.0 ," 1,036.2 ", 626.7 ," 1,440.5 "," 4,214.2 ", 543.4 ," 1,635.3 "," 6,831.0 "," 2,995.0 "," 1,222.3 ", 211.9 ," 1,276.1 ", 320.5 , 440.2 
Oct-18," 42,612.1 "," 40,249.9 "," 11,347.3 "," 14,743.6 "," 2,286.9 "," 3,213.1 "," 2,700.3 ", 836.6 , 690.4 ," 3,930.7 ", 327.8 ," 1,269.1 "," 2,500.2 "," 4,582.9 "," 1,276.1 "," 5,389.9 ", 485.1 , 696.2 , 373.5 , 500.8 ," 2,416.7 ", 485.9 , 730.3 ," 4,198.1 "," 2,531.2 "," 1,106.4 ", 128.7 , 663.4 , 187.3 , 364.9 
Nov-18," 42,617.8 "," 33,685.7 "," 10,585.5 "," 17,697.7 "," 2,551.5 "," 3,514.4 "," 2,323.4 ", 662.3 , 550.3 ," 4,285.5 ", 271.8 ," 1,290.1 "," 2,731.7 "," 4,199.7 "," 1,051.7 "," 4,066.4 ", 452.2 , 940.7 , 365.4 , 732.0 ," 2,299.5 ", 471.0 , 919.4 ," 3,727.4 ", 791.9 , 812.1 , 114.7 , 534.9 , 130.8 , 209.1 
Dec-18," 72,750.5 "," 60,570.4 "," 28,199.4 "," 20,907.0 "," 3,525.3 "," 4,486.4 "," 5,678.2 "," 1,244.5 "," 1,207.4 "," 10,240.1 ", 519.4 ," 1,672.6 "," 3,600.5 "," 8,064.1 "," 2,150.7 "," 9,425.2 "," 1,050.6 ", 608.4 , 704.8 ," 1,461.7 "," 4,034.1 ", 744.9 ," 1,721.4 "," 7,339.7 "," 5,219.5 "," 2,260.1 ", 186.3 ," 1,295.4 ", 456.6 , 527.1 
Jan-19," 52,550.5 "," 36,842.2 "," 13,663.3 "," 17,205.2 "," 2,381.3 "," 4,063.3 "," 2,158.0 "," 1,085.4 ", 609.9 ," 5,754.4 ", 385.9 ," 1,713.7 "," 1,963.3 "," 5,785.8 "," 1,044.5 "," 5,567.0 ", 683.2 ," 1,134.9 ", 521.9 , 766.2 ," 2,815.0 ", 526.4 , 890.8 ," 6,001.1 "," 2,556.2 ", 910.6 , 283.3 , 887.8 , 450.5 , 340.3 
Feb-19," 31,623.7 "," 15,680.1 "," 16,737.8 "," 2,620.1 "," 3,708.2 "," 2,648.5 ", 972.6 , 753.4 ," 4,864.0 ", 489.9 ," 1,653.7 "," 2,602.1 "," 5,661.7 ", 882.9 ," 4,651.4 ", 730.4 , 956.7 , 580.9 , 926.9 ," 2,294.6 ", 464.9 ," 1,414.5 "," 3,669.5 "," 2,210.9 ", 823.0 , 122.4 , 852.0 , 517.0 , 507.8 ,
Mar-19," 64,268.1 "," 48,319.8 "," 21,360.4 "," 28,662.4 "," 3,673.9 "," 5,191.8 "," 4,330.5 "," 1,749.1 "," 1,466.6 "," 9,898.6 ", 820.4 ," 2,776.9 "," 3,340.3 "," 8,822.9 "," 2,428.2 "," 8,732.4 "," 1,547.5 "," 1,682.5 ", 884.3 ," 2,136.2 "," 3,928.8 ", 830.6 ," 1,684.4 "," 7,761.2 "," 3,234.6 "," 1,235.7 ", 370.8 ," 1,733.6 ", 477.5 , 694.7 
Apr-19,,,,,,,,,,,,,,,,,,,,,,,,,,,,,,
May-19,,,,,,,,,,,,,,,,,,,,,,,,,,,,,,
Jun-19,,,,,,,,,,,,,,,,,,,,,,,,,,,,,,
Jul-19," 48,588.0 "," 38,544.7 "," 13,524.4 "," 15,172.8 "," 2,279.8 "," 3,736.5 "," 2,661.2 ", 831.0 , 944.0 ," 5,008.1 ", 459.0 ," 1,242.9 "," 2,152.0 "," 4,941.9 ", 870.8 ," 4,998.5 "," 1,033.9 ", 943.4 , 526.8 , 595.6 ," 2,416.7 "," 1,227.2 ", 968.6 ," 5,632.9 "," 2,058.6 "," 1,138.8 ", 251.5 , 918.1 , 363.8 , 475.2 
Aug-19," 47,942.0 "," 31,732.4 "," 13,931.2 "," 16,560.6 "," 1,910.7 "," 3,714.0 "," 2,764.6 ", 691.9 , 861.8 ," 4,139.2 ", 339.7 ," 1,535.5 "," 1,879.5 "," 4,891.2 ", 744.2 ," 4,358.2 ", 888.5 , 754.1 , 379.2 , 614.3 ," 2,175.1 ", 398.1 , 986.3 ," 5,533.1 "," 2,259.1 ", 990.4 , 188.3 , 776.8 , 242.8 , 385.1 
Sep-19," 193,925.1 "," 38,247.3 "," 17,250.6 "," 22,232.5 "," 3,679.7 "," 4,910.2 "," 4,143.5 "," 1,456.9 "," 1,442.9 "," 7,914.7 ", 677.1 ," 2,043.9 "," 3,448.1 "," 6,042.6 "," 1,442.9 "," 11,538.8 "," 1,022.4 ", 990.2 , 758.3 ," 1,679.0 "," 4,787.8 ", 662.3 ," 1,796.3 "," 8,655.7 "," 2,320.0 "," 1,169.7 ", 268.4 ," 1,512.6 ", 631.4 , 689.3 
Oct-19," 42,442.0 "," 34,585.4 "," 11,797.0 "," 12,427.6 "," 2,894.4 "," 4,255.1 "," 2,322.7 ", 839.8 , 885.3 ," 5,388.8 ", 493.3 ," 1,573.9 "," 2,123.7 "," 5,490.1 ", 894.0 ," 5,776.5 ", 712.0 , 908.6 , 467.3 , 724.7 ," 2,646.4 ", 464.8 ," 1,177.3 "," 6,285.1 "," 1,018.2 ", 699.8 , 445.3 , 980.9 , 429.2 , 416.7 
Nov-19," 39,733.4 "," 31,653.0 "," 10,538.7 "," 18,402.0 "," 2,696.5 "," 3,887.5 "," 2,735.4 ", 765.7 , 713.5 ," 4,721.5 ", 368.3 ," 1,774.0 "," 1,880.1 "," 5,325.2 "," 1,527.7 "," 4,626.4 ", 502.1 , 861.4 , 376.7 ," 1,043.5 "," 1,907.9 ", 335.6 ," 1,624.1 "," 5,115.6 ", 974.9 , 474.9 , 245.2 , 614.1 , 334.8 , 522.6 
Dec-19," 96,793.8 "," 58,954.2 "," 21,104.8 "," 27,187.6 "," 5,899.8 "," 5,285.7 "," 4,592.2 "," 1,429.2 "," 1,608.9 "," 8,186.4 ", 522.4 ," 2,870.1 "," 3,569.9 "," 7,848.6 "," 2,747.5 "," 9,888.8 "," 1,230.3 "," 1,416.9 ", 779.8 ," 1,651.9 "," 4,388.8 ", 601.0 ," 2,163.6 "," 11,200.2 "," 1,736.5 "," 1,018.6 ", 306.3 ," 1,458.9 ", 672.1 , 629.0 
Jan-20," 44,071.4 "," 38,560.3 "," 12,299.2 "," 14,076.0 "," 2,751.0 "," 4,695.7 "," 3,002.9 "," 1,123.3 ", 976.7 ," 5,552.1 ", 446.4 ," 1,174.8 "," 3,298.0 "," 5,875.5 "," 1,478.3 "," 4,763.5 "," 1,258.4 "," 1,127.4 ", 641.9 , 855.8 ," 3,120.6 ", 532.6 ," 1,085.3 "," 6,283.6 "," 1,158.6 ", 709.3 , 162.4 , 814.0 , 329.9 , 435.9 
Feb-20," 50,004.2 "," 35,434.4 "," 12,396.1 "," 16,270.4 "," 2,754.1 "," 4,684.5 "," 2,583.4 ", 991.9 , 926.2 ," 5,406.2 ", 390.4 ," 1,622.3 "," 2,382.4 "," 5,175.9 "," 1,135.1 "," 4,565.3 ", 626.1 , 761.3 , 482.8 , 910.2 ," 2,731.8 ", 424.2 , 749.8 ," 6,286.5 ", 994.0 , 792.5 , 195.0 , 888.7 , 691.3 , 415.2 
Mar-20," 71,278.6 "," 46,336.0 "," 16,468.7 "," 23,497.5 "," 3,838.0 "," 6,636.2 "," 4,798.9 "," 1,807.8 "," 1,603.7 "," 7,384.7 ", 762.3 ," 2,383.3 "," 4,367.5 "," 7,346.1 "," 1,791.7 "," 8,042.4 "," 1,221.1 "," 1,120.8 ", 904.5 ," 2,274.8 "," 4,138.2 ", 938.1 ," 1,397.7 "," 10,257.7 "," 1,949.8 "," 1,026.0 ", 287.0 ," 2,346.1 ", 863.4 , 849.4 
Apr-20," 45,278.6 "," 34,806.7 "," 11,340.6 "," 13,650.0 "," 2,748.9 "," 4,583.3 "," 2,907.9 "," 2,584.7 ", 865.8 ," 3,766.5 ", 333.6 ," 1,131.5 "," 2,721.5 "," 4,791.1 ", 815.7 ," 4,464.9 ", 474.8 , 795.2 , 444.7 , 734.8 ," 1,975.6 "," 1,230.5 ", 663.2 ," 5,413.0 ", 870.6 , 542.0 , 153.1 ," 1,232.8 ", 365.5 , 332.9 
May-20," 44,717.6 "," 32,539.8 "," 10,018.7 "," 10,619.1 "," 2,239.3 "," 4,306.4 "," 2,667.5 ", 865.5 , 892.8 ," 3,877.0 ", 546.2 ," 1,592.5 "," 2,286.2 "," 4,494.3 "," 1,213.5 "," 3,530.7 ", 436.2 , 974.2 , 488.6 , 686.2 ," 1,901.1 ", 455.4 , 649.9 ," 5,837.8 ", 823.6 , 508.9 , 151.0 , 755.5 , 229.8 , 363.5 
Jun-20," 63,857.4 "," 56,466.1 "," 19,654.7 "," 20,528.5 "," 4,527.6 "," 13,736.5 "," 4,189.3 "," 2,138.8 "," 1,734.2 "," 7,735.1 ", 810.8 ," 2,104.2 "," 4,529.1 "," 7,491.5 "," 1,879.2 "," 7,757.1 "," 1,313.4 "," 1,622.7 ", 895.0 ," 2,514.9 "," 4,124.6 "," 1,076.6 "," 2,239.8 "," 12,433.2 "," 3,258.6 "," 1,215.9 ", 376.8 ," 1,975.7 ", 694.1 , 855.2 
Jul-20," 43,449.8 "," 34,815.9 "," 11,698.0 "," 12,860.5 "," 3,867.2 "," 10,070.1 "," 3,791.3 "," 2,312.8 "," 1,590.4 "," 6,023.5 "," 1,156.9 "," 1,953.9 "," 4,036.7 "," 5,903.2 "," 1,592.1 "," 6,775.6 "," 1,545.7 "," 1,427.3 "," 1,351.0 "," 2,074.4 "," 4,258.8 "," 1,016.2 "," 3,252.8 "," 5,693.6 "," 1,867.0 "," 21,937.3 ", 518.9 ," 1,913.4 "," 1,379.6 "," 1,145.8 "
Aug-20," 44,925.2 "," 31,139.1 "," 9,874.3 "," 10,863.6 "," 1,916.6 "," 11,181.0 "," 2,460.9 ", 773.2 , 671.5 ," 3,205.8 ", 300.0 ," 1,380.9 "," 2,117.7 "," 4,984.6 "," 1,175.7 "," 3,897.2 ", 439.8 , 484.9 , 416.8 , 854.8 ," 1,941.6 ", 310.4 ," 1,647.1 "," 4,059.1 "," 1,219.0 "," 4,452.4 ", 140.4 ," 1,106.3 ", 393.8 , 376.0 
Sep-20," 61,061.6 "," 48,709.8 "," 15,103.2 "," 13,436.9 "," 3,940.9 "," 12,760.7 "," 3,371.5 "," 1,731.4 "," 1,385.7 "," 6,103.6 ", 591.1 ," 1,505.3 "," 4,025.6 "," 5,713.3 "," 1,101.0 "," 6,411.2 ", 991.4 ," 1,270.2 ", 674.7 ," 1,569.5 "," 4,556.4 ", 568.3 ," 1,587.5 "," 8,187.1 "," 1,936.7 ", 962.9 , 337.9 ," 2,065.6 ", 448.9 , 784.9 
Oct-20," 53,566.1 "," 34,404.8 "," 13,248.9 "," 9,372.7 "," 2,235.1 "," 19,859.9 "," 2,552.6 "," 1,183.6 ", 724.3 ," 3,726.2 ", 285.8 , 917.1 ," 2,485.0 "," 4,261.6 ", 765.3 ," 3,969.5 ", 503.8 , 848.4 , 356.7 , 796.7 ," 2,314.6 ", 375.4 ," 1,115.1 "," 4,919.5 "," 1,004.7 ", 570.7 , 177.3 , 574.2 , 252.4 , 295.1 
Nov-20," 37,445.2 "," 32,547.1 "," 8,888.0 "," 9,329.3 "," 1,809.5 "," 3,848.0 "," 2,307.8 ", 826.1 , 877.7 ," 4,613.5 ", 260.6 ," 1,252.0 "," 2,798.1 "," 4,179.3 "," 1,039.2 "," 4,451.4 ", 687.5 ," 1,057.2 ", 515.3 , 884.6 ," 2,897.3 ", 340.4 , 884.9 ," 4,624.6 "," 1,129.9 ", 572.5 , 140.2 , 830.5 , 221.0 , 386.3 
Dec-20," 71,857.9 "," 54,705.0 "," 23,375.7 "," 22,484.1 "," 6,732.8 "," 23,774.0 "," 4,859.0 "," 1,861.4 "," 1,606.1 "," 6,918.7 ", 695.9 ," 2,367.7 "," 4,349.9 "," 8,587.4 "," 2,104.8 "," 8,829.6 "," 1,251.2 "," 1,953.7 ", 863.4 ," 1,980.5 "," 4,320.3 "," 1,540.4 "," 2,141.0 "," 12,271.6 "," 2,447.5 "," 1,446.2 ", 413.2 ," 1,975.8 ", 474.3 , 875.2 
Jan-21," 45,199.2 "," 39,768.9 "," 11,384.1 "," 11,382.4 "," 3,051.9 "," 13,622.5 "," 2,580.9 "," 1,077.0 ", 660.0 ," 4,026.5 ", 375.7 ," 1,092.2 "," 2,369.8 "," 5,379.8 "," 1,115.4 "," 4,256.0 "," 1,079.9 "," 1,107.6 ", 505.0 , 764.0 ," 2,980.8 ", 888.6 , 671.2 ," 6,265.1 "," 1,317.4 ", 634.5 , 277.7 ," 1,123.3 ", 268.8 , 480.4 
Feb-21," 40,701.8 "," 31,915.1 "," 10,172.8 "," 12,684.0 "," 2,405.9 "," 13,191.5 "," 2,340.8 ", 977.5 , 850.4 ," 4,747.4 ", 382.0 , 946.8 ," 2,437.1 "," 4,971.9 ", 978.5 ," 8,805.1 ", 710.0 ," 1,048.7 ", 632.2 , 749.5 ," 2,932.5 ", 919.8 , 770.1 ," 5,967.0 "," 1,424.3 ", 817.0 , 260.1 , 885.3 , 294.5 , 402.1 
Mar-21," 60,039.4 "," 46,944.4 "," 15,605.2 "," 19,830.7 "," 4,474.4 "," 16,139.4 "," 4,329.6 "," 2,258.9 "," 1,444.6 "," 8,238.6 ", 662.4 ," 1,926.4 "," 4,043.4 "," 7,468.4 "," 1,232.8 "," 8,842.9 "," 2,022.3 "," 1,406.6 ", 944.5 ," 2,512.0 "," 5,107.9 "," 1,393.4 "," 1,771.5 "," 10,292.9 "," 2,458.9 "," 1,159.8 ", 487.8 ," 2,189.8 ", 627.3 , 878.6 
Apr-21," 49,777.4 "," 31,779.7 "," 9,524.2 "," 9,739.2 "," 2,272.2 "," 12,677.5 "," 1,869.5 "," 1,118.9 ", 764.8 ," 2,000.4 ", 276.4 ," 1,245.5 "," 2,100.6 "," 4,508.8 ", 599.5 ," 6,123.2 ", 694.6 , 910.7 , 444.9 , 942.4 ," 3,694.6 ", 805.1 , 700.3 ," 5,738.7 "," 1,403.4 ", 523.4 , 239.6 , 773.6 , 276.0 , 486.7 
May-21," 41,696.5 "," 37,131.0 "," 9,160.6 "," 10,346.7 "," 2,073.9 "," 11,138.7 "," 1,999.0 "," 1,138.1 ", 794.7 ," 4,188.9 ", 429.3 ," 1,119.9 "," 2,950.7 "," 4,506.7 ", 719.2 ," 4,750.1 ", 648.7 ," 1,225.2 ", 511.1 , 891.5 ," 2,663.9 ", 861.1 , 740.6 ," 5,303.6 ", 964.8 , 582.7 , 328.2 ," 1,068.9 ", 262.2 , 402.2 
Jun-21," 61,601.8 "," 48,893.7 "," 18,141.3 "," 19,440.2 "," 4,589.9 "," 18,135.9 "," 4,518.0 "," 2,000.3 "," 2,359.1 "," 7,824.1 ", 728.6 ," 2,309.5 "," 4,429.8 "," 6,963.3 "," 1,470.2 "," 8,335.0 "," 1,411.6 "," 1,669.4 "," 1,064.5 "," 2,663.7 "," 5,483.1 "," 1,029.1 "," 1,446.7 "," 11,479.7 "," 2,419.4 "," 1,504.5 ", 726.7 ," 3,279.6 ", 606.0 , 833.8 
Jul-21," 45,320.9 "," 38,199.0 "," 13,935.8 "," 11,685.0 "," 4,362.0 "," 13,330.3 "," 2,698.0 "," 1,001.4 "," 1,177.4 "," 4,788.0 ", 324.6 ," 1,494.9 "," 3,054.0 "," 4,271.6 ", 824.0 ," 5,686.6 ", 646.3 ," 1,056.3 ", 732.0 , 662.0 ," 2,030.6 ", 503.4 , 896.3 ," 5,431.8 "," 1,031.9 ", 687.7 , 469.3 ," 1,163.9 ", 625.9 , 450.3 
Aug-21," 45,887.6 "," 34,149.9 "," 10,215.0 "," 11,838.5 "," 2,585.7 "," 12,909.9 "," 2,359.7 ", 970.2 , 892.0 ," 4,044.1 ", 303.4 ," 1,324.8 "," 1,966.3 "," 4,963.7 ", 983.3 ," 5,205.2 "," 1,359.9 ", 804.5 , 816.4 , 578.6 ," 2,324.5 ", 541.2 , 550.7 ," 5,195.1 "," 1,312.9 ", 570.3 , 339.6 , 887.9 , 310.1 , 338.9 
Sep-21," 57,023.0 "," 43,675.5 "," 15,720.8 "," 17,652.4 "," 4,202.9 "," 15,477.3 "," 3,875.7 "," 1,761.7 "," 1,324.6 "," 6,471.0 ", 601.8 ," 2,006.9 "," 4,274.0 "," 6,889.1 "," 1,269.3 "," 8,555.5 "," 1,265.9 "," 1,547.2 ", 840.9 ," 1,820.4 "," 5,040.8 "," 1,156.2 "," 1,563.3 "," 10,505.4 "," 2,269.9 "," 1,178.2 ", 597.4 ," 2,119.7 ", 604.5 , 940.6 
Oct-21," 44,436.4 "," 39,857.9 "," 12,751.4 "," 13,621.3 "," 2,594.1 "," 12,960.0 "," 2,516.0 ", 963.3 , 902.1 ," 4,257.0 ", 308.8 ," 1,518.0 "," 2,020.7 "," 5,042.1 "," 1,119.0 "," 5,627.2 ", 964.0 ," 1,087.9 ", 455.2 , 854.6 ," 2,692.4 ", 989.4 ," 1,122.6 "," 5,912.9 "," 1,168.2 ", 823.9 , 269.3 ," 1,006.2 ", 314.4 , 704.9 
Nov-21," 47,905.1 "," 38,611.4 "," 11,622.2 "," 14,824.8 "," 2,921.0 "," 13,503.6 "," 2,865.6 "," 1,154.0 ", 997.1 ," 4,267.1 ", 311.0 ," 1,529.5 "," 2,444.5 "," 4,995.1 "," 1,817.0 "," 5,936.6 ", 759.9 , 693.3 , 659.4 ," 1,059.6 "," 3,819.2 ", 662.5 ," 1,297.5 "," 6,653.5 "," 1,540.8 ", 652.3 , 490.9 ," 1,249.1 ", 359.8 , 450.0 
Dec-21," 86,604.8 "," 72,076.9 "," 21,194.1 "," 28,264.7 "," 6,812.3 "," 13,700.4 "," 4,512.8 "," 3,308.8 "," 1,727.5 "," 8,830.9 ", 699.5 ," 2,819.7 "," 4,624.8 "," 13,727.9 "," 2,541.8 "," 11,470.5 "," 1,744.7 "," 1,143.9 "," 1,438.4 "," 2,265.6 "," 5,500.6 "," 1,108.6 "," 2,391.2 "," 14,495.6 "," 3,431.4 "," 1,282.4 ", 647.4 ," 3,090.9 ", 716.6 , 946.4 
